企業名,インデックス,国,氏名,役職,X_URL,LinkedIn_URL,備考,更新日時
Toyota Motor,TOPIX100,JP,東 孝典 (Takanori Azuma),"CHRO, Chief Officer for General Administration and Human Resources Group",,https://www.linkedin.com/in/takanori-azuma-4b0392ab/,2025年1月1日就任。複数の同名LinkedInが存在、要確認。,2026-04-16 14:37:54
Mitsubishi UFJ Financial,TOPIX100,JP,國行 雅弘 (Masahiro Kuniyuki),"Managing Corporate Executive, Group CHRO",,,2025年4月1日就任。公式プレスリリースで確認。SNS特定不可。,2026-04-16 14:37:54
Sony Corp,TOPIX100,JP,伊藤 泰弘 (Yasuhiro Ito),"Corporate Executive Officer, Chief People Officer (CPO)",,,2025年4月1日新設CPO職に就任。HR・総務・グループDEIを統括。SNS特定不可。,2026-04-16 14:37:54
Hitachi,TOPIX100,JP,Lorena Dellagiovanna,"Executive Vice President and Executive Officer, CHRO/CSO/CDEIO",,https://www.linkedin.com/posts/hitachi_hitachi-svp-lorena-dellagiovanna-activity-7173196157806997505-q_uY,イタリア人、日本在住。2024年時点でCHRO確認済み。個人LinkedInアカウントは特定不可、Hitachi公式ページで確認。,2026-04-16 14:37:54
Keyence,TOPIX100,JP,,,,,特定不可: 専任CHROを公開開示しない。経営陣の非開示方針。,2026-04-16 14:37:54
SoftBank Group Corp,TOPIX100,JP,,,,,特定不可: 持株会社レベルでのGroup CHROを公式に確認できず。,2026-04-16 14:37:54
SoftBank Corp,TOPIX100,JP,秋山 修 (Osamu Akiyama),"Executive Officer, Corporate Division, Human Resources & General Affairs Division Head",,,2025年4月1日就任。SNS特定不可。,2026-04-16 14:37:54
Fast Retailing,TOPIX100,JP,,,,,特定不可: 独立したCHROを公開していない。HR機能は柳井正CEOの下の経営構造に組み込まれている。,2026-04-16 14:37:54
Mitsubishi Corp,TOPIX100,JP,,,,,特定不可: FY2025・FY2026の人事異動情報あるが、人事担当の具体的な役員名を英日公開情報から確認できず。,2026-04-16 14:37:54
Recruit Holdings,TOPIX100,JP,瀬名波 文野 (Ayano Senaha),"Director, Executive Vice President, COO (HR/General Affairs Division統括)",,https://www.linkedin.com/in/ayano-sena-senaha-49a20097/,以前はCHROタイトル。現在はCOOとしてHR/General Affairs Divisionを管轄。Fortune Most Powerful Women Asia 2025選出。,2026-04-16 14:37:54
Daiichi Sankyo,TOPIX100,JP,,,,,特定不可: 前CHRO上野志壽子氏が2025年4月にHR以外の役員に異動。後任CHRO名を公開情報から確認できず。,2026-04-16 14:37:54
Itochu Corp,TOPIX100,JP,小林 文彦 (Fumihiko Kobayashi),"Member of the Board, Executive Vice President, CAO, Head of Human Resources",,,2025年7月時点で確認。CAOとしてHR・General Affairs Divisionを統括。CHROタイトルは使用せず。SNS特定不可。,2026-04-16 14:37:54
Mitsui & Co,TOPIX100,JP,竹増 貞信 (Yoshiaki Takemasu),"Representative Director, Executive Vice President, CHRO, CCO",,https://jp.linkedin.com/in/yoshiaki-takemasu-72933a109,2024年時点でCHRO確認。2026年3月31日退任予定、4月1日よりDirectorへ。FY2026後任CHRO未確認。,2026-04-16 14:37:54
Sumitomo Mitsui Financial,TOPIX100,JP,矢久 友一 (Toshikazu Yaku),"Deputy President, Representative Executive Officer, Group CHRO",,,2019年よりGroup CHRO継続。SNS特定不可。,2026-04-16 14:37:54
Tokio Marine Holdings,TOPIX100,JP,,,,,特定不可: 2024年4月1日付でGroup CHRO職を設置、役員名（玉木淳氏か）を公開英語情報から確定できず。,2026-04-16 14:37:54
NTT Inc,TOPIX100,JP,,,,,特定不可: NTT持株会社レベルでのCHROを公式に指定していない。HR機能はグループ各社に分散。,2026-04-16 14:37:54
KDDI Corp,TOPIX100,JP,中山 朋子 (Tomoko Nakayama),"Executive Managing Officer, CHRO",,,2026年組織再編でCHROとして確認。SNS特定不可。,2026-04-16 14:37:54
Shin-Etsu Chemical,TOPIX100,JP,,,,,特定不可: 専任CHROを公開していない。非常にリーンな経営体制。,2026-04-16 14:37:54
Nintendo,TOPIX100,JP,三宅 浩二 (Koji Miyake),"Executive Officer, Senior General Manager, Corporate Analysis & Administration Division and Human Resources Division",,,HR Divisionを統括。CHROタイトルは使用せず。SNS特定不可。,2026-04-16 14:37:54
Fanuc Corp,TOPIX100,JP,,,,,特定不可: 専任CHROを公開していない。経営陣の非開示方針。,2026-04-16 14:37:54
Denso Corp,TOPIX100,JP,山﨑 康彦 (Yasuhiko Yamazaki),"Representative Member of the Board, Executive Vice President, CHRO/CIO/CQO",,,2025年1月1日就任。Denso公式役員ページで確認。SNS特定不可。,2026-04-16 14:37:54
Daikin Industries,TOPIX100,JP,,,,,特定不可: 前HR担当の竹中直文氏が2024年6月に代表取締役社長・COOへ昇格後、後任HR担当役員を公開情報から確認できず。,2026-04-16 14:37:54
Toyota Tsusho Corp,TOPIX100,JP,,,,,,
Mizuho Financial,TOPIX100,JP,神山 信弘 (Nobuhiro Kaminoyama),"Senior Executive Officer, Group CHRO and Group CDO",,https://jp.linkedin.com/in/nobuhiro-kaminoyama-8b540a115,2021年よりGroup CHRO。2024年にGroup CDOも兼任。LinkedIn確認済み。,2026-04-16 14:37:54
Sumitomo Corp,TOPIX100,JP,,,,,特定不可: 吉田安宏氏がSenior Executive Officer/CAO/CCOとして広範な管理を担当するが、HR担当を明示的に確認できず。,2026-04-16 14:37:54
Marubeni Corp,TOPIX100,JP,,,,,,
Murata Mfg Co,TOPIX100,JP,戸井 孝則 (Takanori Toi),"Senior Executive Officer, Management Division Head, ESG Division Head (HR含む)",,,2025年7月1日就任。CHROタイトルは使用せず。SNS特定不可。,2026-04-16 14:37:54
SMC Corp,TOPIX100,JP,,,,,,
Hoya Corp,TOPIX100,JP,,,,,特定不可: Group CHRO職は存在（LeadIQでイニシャル'J.C.'の情報あり）が、フルネームを公開情報から確認できず。,2026-04-16 14:37:54
Nippon Steel,TOPIX100,JP,,,,,特定不可: CHROタイトルを使用せず。代表取締役副社長が人事労政を担当するが具体名を公開情報から確認できず。,2026-04-16 14:37:54
Orix,TOPIX100,JP,,,,,特定不可: 三神恭章氏が以前Group HR担当役員だったが、2026年1月1日よりAdvisorへ。後任名未確認。,2026-04-16 14:37:54
Eneos Holdings,TOPIX100,JP,,,,,特定不可: CHRO職は存在するが、「布野温子」という名前が一部情報源にあるも公式文書で確認できず。,2026-04-16 14:37:54
Olympus Corp,TOPIX100,JP,,,,,,
Fujitsu,TOPIX100,JP,平松 浩樹 (Hiroki Hiramatsu),"Director, Corporate Executive Officer, SEVP, CHRO",,https://www.linkedin.com/in/hiroki-hiramatsu-3502babb/,2025年12月時点でCHRO確認。2026年3月末退任発表済み。後任は要確認。,2026-04-16 14:37:54
Takeda Pharmaceutical,TOPIX100,JP,Lauren Duprey,CHRO（Transformation Office leadへ移行中）,,https://www.linkedin.com/in/lauren-rusckowski-duprey-4ab5041b/,2026年初頭時点でTakeda社は新CHRO採用中。DupreyはTransformation Office leadへ移行。,2026-04-16 14:37:54
Resona Holdings Inc,TOPIX100,JP,,,,,,
Dai-ichi Life,TOPIX100,JP,,,,,特定不可: G-CHRO職は統合報告書2025で存在確認。役員名を公開情報から特定できず。,2026-04-16 14:37:54
MS&AD Insurance Group Holdings,TOPIX100,JP,,,,,特定不可: CHROタイトルを使用せず。2024-2025年の担当役員名を確認できず。,2026-04-16 14:37:54
Sompo Holdings Inc,TOPIX100,JP,原 慎一 (Shinichi Hara),"Director, Deputy President and Representative Executive Officer, Group CHRO",,https://www.linkedin.com/in/shinichi-hara-b8033a113/,2019年4月よりGroup CHRO。2025年4月に副社長へ昇格。LinkedIn確認済み。,2026-04-16 14:37:54
East Japan Railway Co,TOPIX100,JP,,,,,特定不可: CHROタイトルを使用せず。人財戦略担当の執行役員名を公開情報から確認できず。,2026-04-16 14:37:54
Canon,TOPIX100,JP,,,,,特定不可: 専任CHROを公開していない。HR機能は総務本部管轄。役員名未確認。,2026-04-16 14:37:54
Fujifilm Holdings Corp,TOPIX100,JP,,,,,特定不可: 持株会社レベルでの専任CHROを公開していない。HR担当役員名未確認。,2026-04-16 14:37:54
Advantest Corp,TOPIX100,JP,,,,,,
Renesas Electronics Corp,TOPIX100,JP,中西 歌 (Utae Nakanishi),"Senior Vice President, CHRO",,https://www.linkedin.com/in/utae-nakanishi-105961229/,2025年1月、Micron TechnologyよりRenesas入社。LinkedIn確認済み。,2026-04-16 14:37:54
Tokyo Electron,TOPIX100,JP,,,,,特定不可: CHROタイトルを使用せず。担当Division Officer名を公開情報から確認できず。,2026-04-16 14:37:54
TDK,TOPIX100,JP,,,,,,
Lasertec Corp,TOPIX100,JP,,,,,,
Disco Corp,TOPIX100,JP,,,,,,
Panasonic,TOPIX100,JP,木下 達夫 (Tatsuo Kinoshita),"Executive Officer, Group CHRO, Panasonic Holdings",https://x.com/kinotatsuo,https://www.linkedin.com/in/tatsuokino/,"2024年7月入社。X (@kinotatsuo, 14K followers)で非常に活発。元P&G・GE・Mercari HR。",2026-04-16 14:37:54
Honda Motor,TOPIX100,JP,,,,,特定不可: 専任CHROを公開していない。HR担当役員名を公開情報から確認できず。,2026-04-16 14:37:54
Suzuki Motor Corp,TOPIX100,JP,,,,,,
Subaru Corp,TOPIX100,JP,,,,,,
Komatsu,TOPIX100,JP,横本 三都子 (Mitsuko Yokomoto),"Director, Senior Executive Officer supervising HR, Education, Safety & Health, Sustainability",,,Komatsu Report 2024で確認。2023年6月よりDirector。CHROタイトルは使用せず。SNS特定不可。,2026-04-16 14:37:54
Kubota Corp,TOPIX100,JP,,,,,,
Mitsubishi Electric,TOPIX100,JP,,,,,,
Mitsubishi Heavy Industries,TOPIX100,JP,,,,,,
Bridgestone Corp,TOPIX100,JP,Michele Herlein,"Chief People Officer (Americas, EMEA)",,,2026年1月よりAmericas/EMEA担当CPO。日本本社のHR担当役員（人事担当役員: 森田泰弘CAO）は別途存在。グローバル全社CHROは特定不可。,2026-04-16 14:37:54
Daiwa House Industry,TOPIX100,JP,,,,,,
Mitsui Fudosan,TOPIX100,JP,,,,,,
Mitsubishi Estate,TOPIX100,JP,,,,,,
Sekisui House,TOPIX100,JP,,,,,,
Sumitomo Realty & Development Co,TOPIX100,JP,,,,,,
Asahi Group Holdings,TOPIX100,JP,谷村 圭三 (Keizo Tanimura),取締役兼執行役員・Group CPO (Chief People Officer),,https://jp.linkedin.com/in/keizo-tanimura-3a4831311,2025年3月26日就任。2020年CHRO就任→2023年取締役EVP兼CHRO→2024年Group CPOにタイトル変更。1989年アサヒビール入社。※TOPIX100としても登録済み（重複）,2026-04-16 17:54:09
Kirin Holdings,TOPIX100,JP,坪井 純子 (Junko Tsuboi),取締役副社長兼執行役員・CPO（グループ人財統括）,,,2025年4月就任。1985年キリンビール入社（同社初の理系女性採用）。マーケティング・広報等を経て2014年執行役員。2026年3月にさらに昇格予定。SNS特定不可。,2026-04-16 17:54:09
Aeon,TOPIX100,JP,,,,,,
Seven & i Holdings,TOPIX100,JP,,,,,,
Japan Tobacco,TOPIX100,JP,,,,,,
Kao Corp,TOPIX100,JP,,,,,,
Unicharm Co,TOPIX100,JP,,,,,,
Ajinomoto Co Inc,TOPIX100,JP,,,,,,
Chugai Pharmaceutical,TOPIX100,JP,,,,,,
Astellas Pharma Inc,TOPIX100,JP,Katsuyoshi Sugita,"Representative Director, Corporate Executive Vice President, Chief People Officer (CPO) & CECO",,https://www.linkedin.com/in/katsuyoshi-sugita/,2023年6月就任。LinkedIn確認済み（500+コネクション）。,2026-04-16 14:37:54
Shionogi,TOPIX100,JP,,,,,,
Otsuka Holdings Ltd,TOPIX100,JP,,,,,,
Terumo Corp,TOPIX100,JP,,,,,,
NEC Corp,TOPIX100,JP,堀川 大介 (Daisuke Horikawa),元CHRO (2026年1月よりChief Learning Officer & Chief Diversity Officer),,https://www.linkedin.com/in/daisuke-horikawa-5a8500274/,2023年4月〜2025年末CHRо。2026年1月よりCLO・CDOへ移行。後任CHRO未確認。,2026-04-16 14:37:54
Fujikura,TOPIX100,JP,,,,,,
Sumitomo Electric Industries,TOPIX100,JP,,,,,,
Nomura Holdings,TOPIX100,JP,尾崎 幸子 (Yukiko Ozaki),"Senior Managing Director, CHRO & CHO",,https://www.linkedin.com/in/yukiko-ozaki-36750174/,LinkedIn確認済み。個人X/Twitterアカウント特定不可。,2026-04-16 14:37:54
Nomura Research Institute,TOPIX100,JP,,,,,,
Japan Exchange Group,TOPIX100,JP,,,,,,
Japan Post Holdings,TOPIX100,JP,,,,,特定不可: CHROタイトルを使用せず。HR担当Executive Officer名を公開情報から確認できず。,2026-04-16 14:37:54
Japan Post Bank,TOPIX100,JP,,,,,,
Sumitomo Mitsui Trust Holdings,TOPIX100,JP,,,,,,
Secom,TOPIX100,JP,,,,,,
Kyocera Corp,TOPIX100,JP,,,,,,
LY Corp,TOPIX100,JP,,,,,,
Oriental Land Co Ltd,TOPIX100,JP,,,,,,
Bandai Namco Holdings Inc,TOPIX100,JP,,,,,,
Asahi Kasei Corp,TOPIX100,JP,,,,,,
Mitsubishi Chemical Holdings Corp,TOPIX100,JP,,,,,,
ANA Holdings,TOPIX100,JP,,,,,,
West Japan Railway Co,TOPIX100,JP,,,,,,
Central Japan Railway Co,TOPIX100,JP,,,,,,
Nippon Yusen K.K,TOPIX100,JP,,,,,,
Mitsui O.S.K. Lines,TOPIX100,JP,,,,,,
Toyota Industries Corp,TOPIX100,JP,,,,,,
Sony Financial,TOPIX100,JP,,,,,,
Shimano Inc,TOPIX100,JP,,,,,,
Asics Corp,TOPIX100,JP,,,,,,
Apple Inc.,S&P100,US,Deirdre O'Brien,"Senior Vice President, Retail + People",,,AppleはCHROではなくSVP Retail+People。Carol SurfaceがCPO(2023-2025)を務めたがHP Inc.へ移籍。,2026-04-16 14:35:55
Microsoft,S&P100,US,Amy Coleman,"EVP, Chief People Officer",,https://www.linkedin.com/in/amycoleman19/,Appointed March 2025,2026-04-16 20:26:46
Nvidia,S&P100,US,Kristin Major,"Senior Vice President, Human Resources",,,2025年2月頃就任。元HPE EVP & Chief People Officer。,2026-04-16 14:35:55
Amazon,S&P100,US,Beth Galetti,"Senior Vice President, People eXperience and Technology (PXT)",,https://www.linkedin.com/in/beth-galetti-60b1106,2013年入社、2016年よりSVP。,2026-04-16 14:35:55
Alphabet Inc. (Class A),S&P100,US,Fiona Cicconi,Chief People Officer,,https://www.linkedin.com/in/fiona-clare-cicconi-304249,2021年1月よりCPO。英国出身、AstraZeneca・Roche等を経てGoogle入社。,2026-04-16 14:35:55
Alphabet Inc. (Class C),S&P100,US,Fiona Cicconi,Chief People Officer,,https://www.linkedin.com/in/fiona-clare-cicconi-304249,Alphabet Class A と同一人物。,2026-04-16 14:35:55
Meta Platforms,S&P100,US,Janelle Gale,Chief People Officer,,https://www.linkedin.com/in/janellegale/,Lori Golerの後任として2025年夏に就任。12年間Meta在籍。,2026-04-16 14:35:55
"Tesla, Inc.",S&P100,US,,,,,特定不可: Allie Arebalo(元Head of HR)が2024年5月離職後、後任が公式未発表。CHROポジションを公式には設けていない模様。,2026-04-16 14:35:55
Berkshire Hathaway (Class B),S&P100,US,,,,,特定不可: 本体にCHROポジションなし（設計上）。傘下子会社は個別にCHROを持つ。,2026-04-16 14:35:55
Broadcom,S&P100,US,,,,,特定不可: 公開情報から現CHROを特定できず。,2026-04-16 14:35:55
Eli Lilly and Company,S&P100,US,Eric Dozier,"Executive Vice President, Chief People Officer",,https://www.linkedin.com/in/eric-dozier/,2022年4月より就任。1998年Lilly入社の生え抜き。,2026-04-16 14:35:55
JPMorgan Chase,S&P100,US,Robin Leopold,"EVP, Head of Human Resources",,https://www.linkedin.com/in/robin-leopold-50a7b647/,Since January 2018,2026-04-16 20:26:46
Visa Inc.,S&P100,US,Kelly Mahon Tullier,"Vice Chair, Chief People and Corporate Affairs Officer",,https://www.linkedin.com/in/kelly-mahon-tullier/,2021年10月よりCPO機能も統括。元PepsiCo SVP Deputy General Counsel。,2026-04-16 14:35:55
Walmart,S&P100,US,Donna Morris,"Executive Vice President, Chief People Officer",https://x.com/donnamorriswmt,https://www.linkedin.com/in/donnamorris2/,2020年入社。2025年HR Executive of the Year受賞。,2026-04-16 14:35:55
UnitedHealth Group,S&P100,US,Erin McSweeney,"Executive Vice President, Chief People Officer",,https://www.linkedin.com/in/emcsweeney,2022年3月よりCPO。元Optum EVP & CHRO。,2026-04-16 14:35:55
ExxonMobil,S&P100,US,I. A. Van Coppenolle,"Vice President, Human Resources",,,フルネーム・SNSは公開情報から特定不可。タイトルはVP HRでCHROではない。,2026-04-16 14:35:55
Mastercard,S&P100,US,Susan Muigai,Chief People Officer,,https://www.linkedin.com/in/susan-muigai/,2025年4月7日より就任。元TransUnion EVP CHRO。Michael Fraccaro退任後の後任。,2026-04-16 14:35:55
Oracle Corporation,S&P100,US,,,,,特定不可: 公開情報から現CHROを特定できず。,2026-04-16 14:35:55
Costco,S&P100,US,,,,,特定不可: 公開情報から現CHROを特定できず。,2026-04-16 14:35:55
Johnson & Johnson,S&P100,US,Kristen Mulholland,Chief Human Resources Officer,,,"Effective October 1, 2024",2026-04-16 20:26:46
Procter & Gamble,S&P100,US,Bala Purushothaman,Chief Human Resources Officer,,https://www.linkedin.com/in/balapuru/,2023年1月1日よりCHRO。Tracey Grabowskiの後任。,2026-04-16 14:35:55
AbbVie,S&P100,US,Demetris Crum,"Executive Vice President, Chief Human Resources Officer",,https://www.linkedin.com/in/demetris-crum/,2025年7月より就任。Tim Richmond退任後の後任。,2026-04-16 14:35:55
Home Depot,S&P100,US,Stephanie Smith,"Executive Vice President, Human Resources",,https://www.linkedin.com/in/stephanie-smith-95141b13a/,2025年6月6日より就任。Tim Hourigan退任後の後任。,2026-04-16 14:35:55
Thermo Fisher Scientific,S&P100,US,Lisa Britt,"Senior Vice President, Chief Human Resources Officer",,https://www.linkedin.com/in/lbritt,2017年3月より就任。元Nexeo Solutions EVP CHRO・元Covidien VP HR。,2026-04-16 14:35:55
Chevron Corporation,S&P100,US,Michelle Green,Chief Human Resources Officer,,,2025年1月よりCHRO。1998年Chevron入社。SNS公開プロフィール特定不可。,2026-04-16 14:35:55
ServiceNow,S&P100,US,,,,,特定不可: 公開情報から現CHROを特定できず。,2026-04-16 14:35:55
Bank of America,S&P100,US,Sheri Bronstein,Chief People Officer,,https://www.linkedin.com/in/sheri-bronstein-a560161b7/,Member of executive management,2026-04-16 20:26:46
Abbvie,S&P100,US,,,,,,
Palantir Technologies,S&P100,US,,,,,特定不可: 公開情報から現CHROを特定できず。,2026-04-16 14:35:55
"Netflix, Inc.",S&P100,US,Sergio Ezama,Chief Talent Officer,,https://www.linkedin.com/in/sergioezama/,2021年9月よりCTO。元PepsiCo Global Chief Talent Officer。スペイン出身。,2026-04-16 14:35:55
Merck & Co.,S&P100,US,Betty Larson,"Executive Vice President, Chief Human Resources Officer",,https://www.linkedin.com/in/betty-larson-3284542,2024年4月より就任。元GE HealthCare CPO・元BD EVP CHRO。,2026-04-16 14:35:55
Salesforce,S&P100,US,Nathalie Scardino,President & Chief People Officer,https://twitter.com/NathScar,https://www.linkedin.com/in/nathscar/,10+ years at Salesforce,2026-04-16 20:26:46
Linde plc,S&P100,US,,,,,特定不可: 公開情報から現CHROを特定できず。,2026-04-16 14:35:55
Intuitive Surgical,S&P100,US,,,,,特定不可: 公開情報から現CHROを特定できず。,2026-04-16 14:35:55
Goldman Sachs,S&P100,US,Jacqueline Arthur,Global Head of Human Capital Management,,https://www.linkedin.com/in/jacqueline-arthur-5b82576,2023年1月よりHCM Global Head。GoldmanはCHROという職名を使用せず。,2026-04-16 14:35:55
Accenture,S&P100,US,Kate Clifford,Global Chief Leadership & HR Officer,,https://www.linkedin.com/in/kate-clifford-65b832a4/,27 years at Accenture,2026-04-16 20:26:46
IBM,S&P100,US,Nickle LaMoreaux,Chief Human Resources Officer,https://x.com/nicklelamoreaux,https://www.linkedin.com/in/nickle-lamoreaux,2020年8月よりCHRO。IBM在籍25年超。2024年HR Executive of the Year受賞。,2026-04-16 14:35:55
AMD,S&P100,US,,,,,特定不可: 公開情報から現CHROを特定できず。,2026-04-16 14:35:55
T-Mobile US,S&P100,US,,,,,特定不可: 公開情報から現CHROを特定できず。,2026-04-16 14:35:55
Uber,S&P100,US,,,,,特定不可: 公開情報から現CHROを特定できず。,2026-04-16 14:35:55
Booking Holdings,S&P100,US,,,,,特定不可: 公開情報から現CHROを特定できず。,2026-04-16 14:35:55
Lam Research,S&P100,US,,,,,特定不可: 公開情報から現CHROを特定できず。,2026-04-16 14:35:55
Intuit,S&P100,US,,,,,特定不可: 公開情報から現CHROを特定できず。,2026-04-16 14:35:55
Applied Materials,S&P100,US,,,,,特定不可: 公開情報から現CHROを特定できず。,2026-04-16 14:35:55
BlackRock,S&P100,US,Caroline Heller,"Senior Managing Director, Global Head of Human Resources",,https://www.linkedin.com/in/caroline-heller-520518ab/,2021年5月より就任。元Goldman Sachs HCM部門で20年超のキャリア。,2026-04-16 14:35:55
Caterpillar Inc.,S&P100,US,,,,,特定不可: 公開情報から現CHROを特定できず。,2026-04-16 14:35:55
Morgan Stanley,S&P100,US,Cameron Rice,Co-Chief Human Resources Officer,,https://www.linkedin.com/in/cameron-rice-b996873/,Adam KudelkaとCo-CHRO体制。Mandell Crawleyが異動後に就任。,2026-04-16 14:35:55
RTX Corporation,S&P100,US,,,,,特定不可: 公開情報から現CHROを特定できず。,2026-04-16 14:35:55
Qualcomm,S&P100,US,,,,,特定不可: 公開情報から現CHROを特定できず。,2026-04-16 14:35:55
Abbott Laboratories,S&P100,US,Mary K. Moreland,"Executive Vice President, Human Resources",,,AbbottのEVP Human Resources。SNSアカウントは公開情報から特定不可。,2026-04-16 14:35:55
GE Aerospace,S&P100,US,,,,,特定不可: 公開情報から現CHROを特定できず。,2026-04-16 14:35:55
Danaher Corporation,S&P100,US,,,,,特定不可: 公開情報から現CHROを特定できず。,2026-04-16 14:35:55
Honeywell,S&P100,US,,,,,特定不可: 公開情報から現CHROを特定できず。,2026-04-16 14:35:55
Walt Disney Company,S&P100,US,,,,,特定不可: 公開情報から現CHROを特定できず。,2026-04-16 14:35:55
Texas Instruments,S&P100,US,,,,,特定不可: 公開情報から現CHROを特定できず。,2026-04-16 14:35:55
Amgen,S&P100,US,Derek Miller,"Senior Vice President, Human Resources / CHRO",,,2003年Amgen入社。SNSアカウントは公開情報から特定不可。,2026-04-16 14:35:55
Cisco,S&P100,US,,,,,特定不可: 公開情報から現CHROを特定できず。,2026-04-16 14:35:55
ConocoPhillips,S&P100,US,,,,,特定不可: 公開情報から現CHROを特定できず。,2026-04-16 14:35:55
Bristol Myers Squibb,S&P100,US,Amanda Poole,"Executive Vice President, Chief People Officer",,https://www.linkedin.com/in/amanda-poole-9a090b1,2004年BMS入社の生え抜き。2024年初頭よりCPO。,2026-04-16 14:35:55
American Express,S&P100,US,Monique Herena,Chief Colleague Experience Officer,,,2019年よりCCEO。AmexはCHROではなくCCEOという独自タイトルを使用。LinkedIn公開プロフィール特定不可。,2026-04-16 14:35:55
Pfizer,S&P100,US,Payal Sahni Becher,"Executive Vice President, Chief People Experience Officer",,https://www.linkedin.com/in/payal-sahni/,1997年Pfizer入社。CPXOというユニークな職名を使用。,2026-04-16 14:35:55
Wells Fargo,S&P100,US,Bei Ling,"Senior Executive Vice President, Head of Human Resources",,https://www.linkedin.com/in/bei-ling-375b291a,2021年10月より就任。元JPMorgan Chase Managing Director。,2026-04-16 14:35:55
Citigroup,S&P100,US,Sara Wechter,Chief Human Resources Officer,,https://www.linkedin.com/in/sarawechter,2018年7月より就任。Citi Executive Management Teamメンバー。,2026-04-16 14:35:55
Micron Technology,S&P100,US,,,,,特定不可: 公開情報から現CHROを特定できず。,2026-04-16 14:35:55
NextEra Energy,S&P100,US,,,,,特定不可: 公開情報から現CHROを特定できず。,2026-04-16 14:35:55
Starbucks,S&P100,US,,,,,特定不可: 公開情報から現CHROを特定できず。,2026-04-16 14:35:55
Gilead Sciences,S&P100,US,Jyoti Mehra,"Executive Vice President, Human Resources",,,2017年Gilead入社。元Novartisシニアリーダー。SNS公開プロフィール特定不可。,2026-04-16 14:35:55
Medtronic,S&P100,US,Matt Walter,Chief Human Resources Officer,,https://www.linkedin.com/in/matt-walter-60a197b,2023年7月より就任。Medtronic在籍9年超。,2026-04-16 14:35:55
Charles Schwab Corporation,S&P100,US,,,,,特定不可: 公開情報から現CHROを特定できず。,2026-04-16 14:35:55
Deere & Company,S&P100,US,,,,,特定不可: 公開情報から現CHROを特定できず。,2026-04-16 14:35:55
Philip Morris International,S&P100,US,,,,,特定不可: 公開情報から現CHROを特定できず。,2026-04-16 14:35:55
Lockheed Martin,S&P100,US,,,,,特定不可: 公開情報から現CHROを特定できず。,2026-04-16 14:35:55
Verizon,S&P100,US,Samantha Hammock,"Executive Vice President, Chief Human Resources Officer",https://x.com/sam__hammock,https://www.linkedin.com/in/samanthahammock,2021年12月より就任。元American Express HR幹部。,2026-04-16 14:35:55
Comcast,S&P100,US,Vicki Williams,Chief Human Resources Officer,,,2026年4月に新設のGroup CHROに昇格。NBCUniversalのHR Headを8年間務めた後、ケーブル部門も統括。,2026-04-16 14:35:55
AT&T,S&P100,US,,,,,特定不可: Angela Santone（前任全社CHRO）が2023年9月退任後、後任の全社CHROが公式サイトで確認できず。,2026-04-16 14:35:55
PepsiCo,S&P100,US,Becky Schmitt,"Executive Vice President, Chief Human Resources Officer",,https://www.linkedin.com/in/rebeccaaschmitt/,2023年10月1日より就任。元Cognizant CPO。,2026-04-16 14:35:55
Mondelēz International,S&P100,US,,,,,特定不可: 公開情報から現CHROを特定できず。,2026-04-16 14:35:55
McDonald's,S&P100,US,,,,,特定不可: Heidi Capozziが2024年9月CVS Healthへ移籍。Global CHROの後任が確認できず。,2026-04-16 14:35:55
"Nike, Inc.",S&P100,US,Treasure Heinle,"Executive Vice President, Chief Human Resources Officer",,https://www.linkedin.com/in/treasure-bailey-heinle-2624981/,2025年1月6日より就任。元Chief Talent Officer。Monique Matheson退任後の後任。,2026-04-16 14:35:55
Emerson Electric,S&P100,US,,,,,特定不可: 公開情報から現CHROを特定できず。,2026-04-16 14:35:55
Union Pacific Corporation,S&P100,US,,,,,特定不可: 公開情報から現CHROを特定できず。,2026-04-16 14:35:55
FedEx,S&P100,US,,,,,特定不可: 公開情報から現CHROを特定できず。,2026-04-16 14:35:55
United Parcel Service,S&P100,US,,,,,特定不可: 公開情報から現CHROを特定できず。,2026-04-16 14:35:55
Coca-Cola Company,S&P100,US,Lisa Chang,"Executive Vice President, Global Chief People Officer",,,現任(2026年4月時点)。Tapaswee Chandeleが2026年5月1日より後任就任予定。SNS公開プロフィール特定不可。,2026-04-16 14:35:55
CVS Health,S&P100,US,Heidi B. Capozzi,"Executive Vice President, Chief People Officer",,https://www.linkedin.com/in/heidi-capozzi,2024年9月9日より就任。元McDonald's Global CPO・元Boeing SVP CHRO。,2026-04-16 14:35:55
Capital One,S&P100,US,,,,,特定不可: 公開情報から現CHROを特定できず。,2026-04-16 14:35:55
BNY Mellon,S&P100,US,,,,,特定不可: 公開情報から現CHROを特定できず。,2026-04-16 14:35:55
Adobe Inc.,S&P100,US,,,,,特定不可: 公開情報から現CHROを特定できず。,2026-04-16 14:35:55
Duke Energy,S&P100,US,,,,,特定不可: 公開情報から現CHROを特定できず。,2026-04-16 14:35:55
General Dynamics,S&P100,US,,,,,特定不可: 公開情報から現CHROを特定できず。,2026-04-16 14:35:55
GE Vernova,S&P100,US,,,,,特定不可: 公開情報から現CHROを特定できず。,2026-04-16 14:35:55
Southern Company,S&P100,US,,,,,特定不可: 公開情報から現CHROを特定できず。,2026-04-16 14:35:55
3M,S&P100,US,,,,,特定不可: 公開情報から現CHROを特定できず。,2026-04-16 14:35:55
Altria,S&P100,US,,,,,特定不可: 公開情報から現CHROを特定できず。,2026-04-16 14:35:55
Simon Property Group,S&P100,US,,,,,特定不可: 公開情報から現CHROを特定できず。,2026-04-16 14:35:55
General Motors,S&P100,US,Arden Hoffman,"Senior Vice President, Chief People Officer",,https://www.linkedin.com/in/arden-hoffman-37b87211/,2023年1月より就任。元Cruise CPO・元Dropbox VP People。,2026-04-16 14:35:55
Boeing,S&P100,US,Uma Amuluru,Executive Vice President & Chief Human Resources Officer,,https://www.linkedin.com/in/umaamuluru/,2024年4月就任。元弁護士・元Boeing General Counsel。,2026-04-16 14:35:55
Lowe's,S&P100,US,,,,,特定不可: 公開情報から現CHROを特定できず。,2026-04-16 14:35:55
U.S. Bancorp,S&P100,US,,,,,特定不可: 公開情報から現CHROを特定できず。,2026-04-16 14:35:55
AstraZeneca,FTSE100,UK,Jeff Pott,Chief HR Officer & Chief Compliance Officer,,https://www.linkedin.com/in/jeff-pott-3ba265230/,Appointed CHRO Jan 2021,2026-04-16 20:26:46
HSBC,FTSE100,UK,Aileen Taylor,Group Chief Human Resources & Governance Officer,,https://www.linkedin.com/in/aileen-taylor-hsbc/,2024年10月よりElaine Arden後任。,2026-04-16 14:39:33
Shell plc,FTSE100,UK,Rachel Solway,Chief HR and Corporate Officer,https://twitter.com/Rsolway,https://www.linkedin.com/in/rachel-solway-a454496/,"Started Jan 1, 2024",2026-04-16 20:26:46
Unilever,FTSE100,UK,Mairéad Nayager,Chief People Officer,,https://www.linkedin.com/in/mairead-nayager-50a749a/,Appointed June 2024,2026-04-16 20:26:46
Rio Tinto,FTSE100,UK,Georgie Bezette,Chief People Officer,,,"Started January 1, 2025",2026-04-16 20:26:46
BP,FTSE100,UK,Kerry Dryburgh,"EVP People, Culture & Communications / CHRO",,https://www.linkedin.com/in/kerry-dryburgh-058966/,現任確認済み。,2026-04-16 14:39:33
GSK plc,FTSE100,UK,Diana Conrad,Chief People Officer,,https://www.linkedin.com/in/diana-conrad/,2019年4月より就任。2026年3月時点でも現役確認済み。,2026-04-16 14:39:33
Diageo,FTSE100,UK,Louise Prashad,Chief HR Officer,,https://uk.linkedin.com/in/louise-prashad-008950,Appointed January 2022,2026-04-16 20:26:46
Lloyds Banking Group,FTSE100,UK,Sharon Doherty,Chief People & Places Officer,https://x.com/sharondohertyhr,https://www.linkedin.com/in/sharondoherty/,2022年より就任。,2026-04-16 14:39:33
RELX,FTSE100,UK,Rose Thomson,Chief HR Officer,,https://www.linkedin.com/in/rose-thomson-b733927/,現任確認済み。,2026-04-16 14:39:33
Rolls-Royce Holdings,FTSE100,UK,Sarah Armstrong,Chief People Officer,,,Started January 2022,2026-04-16 20:26:46
BAE Systems,FTSE100,UK,Michelle Murphy,SVP & Chief Human Resources Officer,,https://www.linkedin.com/in/michelle-murphy-78381233/,"BAE Systems, Inc.（米国法人）のCHROとして確認。",2026-04-16 14:39:33
Barclays,FTSE100,UK,Tristram Roberts,Group Human Resources Director,,https://www.linkedin.com/in/tristram-roberts-28559b17/,2015年12月より就任。,2026-04-16 14:39:33
Experian,FTSE100,UK,Jacky Simmonds,Chief People Officer,,https://uk.linkedin.com/in/jacky-simmonds-2a0834261,2020年7月より就任。,2026-04-16 14:39:33
London Stock Exchange Group,FTSE100,UK,Erica Bourne,Group Chief People Officer,,https://www.linkedin.com/in/erica-bourne-9763203/,2023年1月より就任。,2026-04-16 14:39:33
National Grid plc,FTSE100,UK,Emma Hardaker-Jones,Chief People Officer,,https://www.linkedin.com/in/emmahardakerjones/,2026年2月より就任。Legal & General前Chief Transformation and People Officer。,2026-04-16 14:39:33
Compass Group,FTSE100,UK,Deborah Lee,Group Chief People Officer,,https://www.linkedin.com/in/deborah-lee-fcipd-a666391/,2021年9月より就任。,2026-04-16 14:39:33
NatWest Group,FTSE100,UK,Maria Kokkinou,Group Chief People Officer,https://x.com/mkokkinouboege,https://www.linkedin.com/in/mkokkinou/,2025年3月より就任。,2026-04-16 14:39:33
Glencore,FTSE100,UK,,,,,特定不可: 独立したCHROポジションを公開していない可能性あり。,2026-04-16 14:39:33
Prudential plc,FTSE100,UK,Catherine Chia,Group Chief Human Resources Officer,,https://sg.linkedin.com/in/catherine-chia-a94bba,2023年4月1日より就任。香港・シンガポール拠点。,2026-04-16 14:39:33
Haleon,FTSE100,UK,Line De Decker,Chief Human Resources Officer,,https://www.linkedin.com/in/line-de-decker/,2024年就任。,2026-04-16 14:39:33
Reckitt,FTSE100,UK,Ranjay Radhakrishnan,Chief Human Resources Officer,,https://www.linkedin.com/in/ranjay-radhakrishnan-4353864/,2020年3月より就任。,2026-04-16 14:39:33
Standard Chartered,FTSE100,UK,Tanuj Kapilashrami,Chief Strategy & Talent Officer (旧CHRO),,https://uk.linkedin.com/in/tanuj-kapilashrami,2024年4月よりCHROからChief Strategy & Talent Officerに昇格。後任CHRO名は特定不可。,2026-04-16 14:39:33
Vodafone Group,FTSE100,UK,Ruth McGill,Chief HR Officer,,,2026年1月1日より就任。Leanne Wood後任。LinkedIn URL特定不可。,2026-04-16 14:39:33
Anglo American plc,FTSE100,UK,Monique Carter,Chief People & Organisation Officer,,,2023年6月より就任。LinkedIn URL特定不可。,2026-04-16 14:39:33
BT Group,FTSE100,UK,Alison Wilcox,Chief People and Culture Officer,,https://uk.linkedin.com/in/alison-wilcox-23322546,2025年6月1日より再就任。Athalie Williams後任。,2026-04-16 14:39:33
British American Tobacco,FTSE100,UK,Dr. Cora Koppe-Stahrenberg,Chief People Officer,,https://uk.linkedin.com/in/cksprofile,2023年11月1日より就任。,2026-04-16 14:39:33
Legal & General,FTSE100,UK,Emma Holden,Chief People Officer,,https://www.linkedin.com/in/emma-holden-87098b5/,2026年1月より就任。Man Group前Chief People Officer。,2026-04-16 14:39:33
Aviva,FTSE100,UK,Danielle Harmer,Chief People Officer,,https://uk.linkedin.com/in/danielleharmer,2020年2月より就任。通称「Danny Harmer」。,2026-04-16 14:39:33
Antofagasta plc,FTSE100,UK,,,,,,
Sage Group,FTSE100,UK,Amanda Cusdin,Chief People Officer,,https://uk.linkedin.com/in/amanda-cusdin-a433484,2018年9月より就任。,2026-04-16 14:39:33
SSE plc,FTSE100,UK,John Stewart,Group Director of Human Resources,,https://uk.linkedin.com/in/john-stewart-41b6462,2009年7月よりGECメンバー。,2026-04-16 14:39:33
IHG Hotels & Resorts,FTSE100,UK,Wayne Hoare,Chief Human Resources Officer,,https://www.linkedin.com/in/wayne-hoare-42a6832/,2020年9月より就任。,2026-04-16 14:39:33
Informa,FTSE100,UK,,,,,,
Tesco,FTSE100,UK,Emma Taylor,Chief People Officer,,https://uk.linkedin.com/in/emma-taylor-2a927a21,Appointed March 2022,2026-04-16 20:26:46
Next plc,FTSE100,UK,,,,,特定不可: 独立したCHROポジションを公開していない可能性あり。,2026-04-16 14:39:33
Pearson plc,FTSE100,UK,Ali Bebo,Chief Human Resources Officer,,https://www.linkedin.com/in/allisonpeekbebo/,2021年12月より就任。2026年2月時点でも現役確認済み。,2026-04-16 14:39:33
Imperial Brands,FTSE100,UK,,,,,,
Admiral Group,FTSE100,UK,,,,,,
Halma plc,FTSE100,UK,,,,,,
Intertek,FTSE100,UK,,,,,,
Centrica,FTSE100,UK,,,,,,
Entain,FTSE100,UK,,,,,,
Sainsbury's,FTSE100,UK,,,,,,
Marks & Spencer,FTSE100,UK,Hayley Tatum MBE,Chief People Officer,,https://www.linkedin.com/in/hayleytatum/,2025年10月より就任。Sarah Findlater後任。旧Asda Chief People & Corporate Affairs Officer。,2026-04-16 14:39:33
International Airlines Group,FTSE100,UK,,,,,"特定不可: Carolina Martinoli（旧Chief of People, Corporate Affairs & Sustainability）が2024年4月にVueling CEOに転出。後任名不明。",2026-04-16 14:39:33
Smith & Nephew,FTSE100,UK,,,,,,
Smiths Group,FTSE100,UK,,,,,,
Mondi,FTSE100,UK,,,,,,
Rentokil Initial,FTSE100,UK,,,,,,
M&G,FTSE100,UK,,,,,,
Melrose Industries,FTSE100,UK,,,,,,
Segro,FTSE100,UK,,,,,,
Burberry Group,FTSE100,UK,,,,,,
Schroders,FTSE100,UK,,,,,,
Land Securities,FTSE100,UK,,,,,,
British Land,FTSE100,UK,,,,,,
Whitbread,FTSE100,UK,,,,,,
Severn Trent,FTSE100,UK,,,,,,
United Utilities,FTSE100,UK,,,,,,
Scottish Mortgage Investment Trust,FTSE100,UK,,,,,,
Rightmove,FTSE100,UK,,,,,,
Diploma,FTSE100,UK,,,,,,
JD Sports,FTSE100,UK,,,,,,
Howdens Joinery,FTSE100,UK,,,,,,
3i,FTSE100,UK,,,,,,
Bunzl,FTSE100,UK,,,,,,
Kingfisher plc,FTSE100,UK,,,,,,
F & C Investment Trust,FTSE100,UK,,,,,,
Hiscox,FTSE100,UK,,,,,,
Beazley,FTSE100,UK,,,,,,
DCC plc,FTSE100,UK,,,,,,
Croda International,FTSE100,UK,,,,,,
Spirax Group,FTSE100,UK,,,,,,
Autotrader Group,FTSE100,UK,,,,,,
IMI,FTSE100,UK,,,,,,
Persimmon,FTSE100,UK,,,,,,
Berkeley Group Holdings,FTSE100,UK,,,,,,
Barratt Redrow,FTSE100,UK,,,,,,
Games Workshop,FTSE100,UK,,,,,,
Pershing Square Holdings,FTSE100,UK,,,,,,
Polar Capital Technology Trust,FTSE100,UK,,,,,,
Alliance Witan,FTSE100,UK,,,,,,
Tritax Big Box REIT,FTSE100,UK,,,,,,
LondonMetric Property,FTSE100,UK,,,,,,
ICG,FTSE100,UK,,,,,,
IG Group,FTSE100,UK,,,,,,
Airtel Africa,FTSE100,UK,,,,,,
Convatec,FTSE100,UK,,,,,,
St. James's Place,FTSE100,UK,,,,,,
Standard Life,FTSE100,UK,,,,,,
Endeavour Mining,FTSE100,UK,,,,,,
Fresnillo plc,FTSE100,UK,,,,,,
Babcock International,FTSE100,UK,,,,,,
Associated British Foods,FTSE100,UK,Sue Whalley,Chief People and Performance Officer,,,LinkedIn URL特定不可。,2026-04-16 14:39:33
Weir Group,FTSE100,UK,,,,,,
Lion Finance Group,FTSE100,UK,,,,,,
Metlen Energy & Metals,FTSE100,UK,,,,,,
Coca-Cola Europacific Partners,FTSE100,UK,,,,,,
Coca-Cola HBC,FTSE100,UK,,,,,,
SAP,DAX40,DE,Gina Vargiu-Breuer,Chief People Officer & Labor Director,,https://de.linkedin.com/in/gina-vargiu-breuer,2024年2月より就任。2026年4月に2030年まで契約延長発表。Sabine Bendiek後任。,2026-04-16 14:39:33
Siemens,DAX40,DE,Judith Wiese,Chief People and Sustainability Officer / Managing Board Member,,https://www.linkedin.com/in/judith-wiese-542b4436/,2020年10月より就任。2028年9月まで任期延長済み。,2026-04-16 14:39:33
Allianz,DAX40,DE,Stefan Britz,Chief Human Resources Officer,,https://www.linkedin.com/in/stefan-britz/,2020年7月より就任。,2026-04-16 14:39:33
Deutsche Telekom,DAX40,DE,Birgit Bohle,"Board Member for Human Resources, Legal Affairs & Labor Director",https://x.com/bibohle,https://de.linkedin.com/in/birgitbohle,2019年1月より就任。2020年より法務も管掌。,2026-04-16 14:39:33
Munich Re,DAX40,DE,,,,,特定不可: グループCHROを公開していない可能性あり（Personalvorstandは存在するが名前の特定に至らず）。,2026-04-16 14:39:33
Airbus,DAX40,DE,Carmen-Maja Rex,Chief Human Resources Officer,,https://fr.linkedin.com/in/carmen-maja-rex-0417929,2025年4月1日より就任。Thierry Baril後任。,2026-04-16 14:39:33
Mercedes-Benz Group,DAX40,DE,Britta Seeger,Board Member for Human Relations & Labor Director,,,2025年5月1日より就任。Sabine Kohleisen後任。LinkedIn URL特定不可。,2026-04-16 14:39:33
Infineon Technologies,DAX40,DE,Markus Fink,EVP & Chief Human Resources Officer,,https://www.linkedin.com/in/markus-fink/,5年以上在任。2025年CHRO of the Year受賞。,2026-04-16 14:39:33
Hannover Re,DAX40,DE,,,,,特定不可: Executive BoardにHR専任ポジションが存在しない模様。,2026-04-16 14:39:33
Deutsche Post,DAX40,DE,Dr. Thomas Ogilvie,Board Member for Human Resources & Labor Director (CHRO),,,2017年より就任。LinkedIn URL特定不可。,2026-04-16 14:39:33
BMW,DAX40,DE,Ilka Horstmeier,"Board Member for People & Real Estate, Labor Relations Director",,,2019年11月より就任。LinkedIn URL特定不可。,2026-04-16 14:39:33
Rheinmetall,DAX40,DE,Dr. Vera Saal,Executive Board Member for Human Resources & Labor Director,,https://de.linkedin.com/in/dr-vera-saal-582539311,2025年9月1日より就任。Dr. Ursula Biernert-Kloß後任。,2026-04-16 14:39:33
BASF,DAX40,DE,Dr. Katja Scharpwinkel,Board Member (Industrial Relations Director),,https://www.linkedin.com/in/katjascharpwinkel/,2024年2月1日より就任。CHROタイトルではなくIndustrial Relations Director。,2026-04-16 14:39:33
Bayer,DAX40,DE,Heike Prinz,Chief Talent Officer & Labor Director,,,2023年9月1日より就任。タイトルはChief Talent Officer（非CHRO）。LinkedIn URL特定不可。,2026-04-16 14:39:33
Volkswagen Group,DAX40,DE,Thomas Schäfer（暫定）,Board Member for Human Resources（暫定）,,,Gunnar Kilianが2025年7月に即時解任。Thomas Schäfer（VW乗用車CEO）が暫定兼務。後任正式任命は未確認。,2026-04-16 14:39:33
E.ON,DAX40,DE,,,,,特定不可: Management BoardにCHRO専任者の名前が確認できず。,2026-04-16 14:39:33
Deutsche Bank,DAX40,DE,Volker Steuer,Head of Human Resources,,,Appointed Oct 2023,2026-04-16 20:26:46
Siemens Energy,DAX40,DE,Tim Oliver Holt,Executive Board Member & Labor Director,,https://www.linkedin.com/in/timoholt/,CHRO専任ではなくLabor Director兼務。独立したCHROポジションは公開されていない模様。,2026-04-16 14:39:33
RWE,DAX40,DE,Katja van Doren,Chief Human Resources Officer & Labour Director,https://x.com/katjavandoren,https://www.linkedin.com/in/katja-van-doren-0729b26/,2023年8月1日より就任。Zvezdana Seeger後任。,2026-04-16 14:39:33
Daimler Truck,DAX40,DE,Jürgen Hartwig,Board Member for Human Resources & Labor Director,,https://de.linkedin.com/in/j%C3%BCrgen-hartwig-33aa892a,現任（2026年11月末まで）。後任Yvonne Bettkober（旧Audi）が2026年10月1日就任予定。,2026-04-16 14:39:33
Adidas,DAX40,DE,Michelle Robertson,Executive Board Member for Global Human Resources,,https://www.linkedin.com/in/michelle-robertson-37bb4a13/,2024年1月1日より就任。Amanda Rajkumar後任。,2026-04-16 14:39:33
Continental,DAX40,DE,Ulrike Hintze,Executive Board Member for Human Resources & Labor Director,,,2025年7月1日より就任。Dr. Ariane Reinhart後任。LinkedIn URL特定不可。,2026-04-16 14:39:33
Heidelberg Materials,DAX40,DE,,,,,,
Henkel,DAX40,DE,Sylvie Nicol,"Executive VP Human Resources, Infrastructure & Sustainability",,https://de.linkedin.com/in/sylvie-nicol-1613941,現任確認済み。,2026-04-16 14:39:33
Fresenius,DAX40,DE,Michael Moser,"Management Board Member (Legal, Compliance, Risk, HR, ESG担当)",,,2023年7月より就任。CHRO専任ではなくHR含む複合担当役員。LinkedIn URL特定不可。,2026-04-16 14:39:33
MTU Aero Engines,DAX40,DE,,,,,,
Siemens Healthineers,DAX40,DE,Darleen Caron,Chief HR Officer & Labour Director,,,Since February 2021,2026-04-16 20:26:46
Merck KGaA,DAX40,DE,Khadija Ben Hammada,Chief People Officer / Executive Board Member,,,2023年1月CHRO就任、2025年3月よりCPOとして執行役員に昇格。LinkedIn URL特定不可。,2026-04-16 14:39:33
Deutsche Börse,DAX40,DE,Heike Eckert,Executive Board Member for Human Resources & Compliance,,https://www.linkedin.com/in/heike-eckert-412bb47/,2020年7月より就任。,2026-04-16 14:39:33
Symrise,DAX40,DE,,,,,,
Commerzbank,DAX40,DE,Sabine Mlnarsky,Board Member - Group HR,,,"Appointed January 1, 2023",2026-04-16 20:26:46
GEA Group,DAX40,DE,,,,,,
Fresenius Medical Care,DAX40,DE,,,,,,
Brenntag,DAX40,DE,,,,,,
Qiagen,DAX40,DE,,,,,,
Vonovia,DAX40,DE,,,,,,
Zalando,DAX40,DE,,,,,,
Scout24,DAX40,DE,,,,,,
Beiersdorf,DAX40,DE,Nicola D. Lafrentz,Chief Human Resources Officer / Executive Board Member,,https://www.linkedin.com/in/nicolalafrentz/,2022年5月1日より就任。,2026-04-16 14:39:33
Porsche SE,DAX40,DE,,,,,,
Nissui,TOPIX Mid400,JP,井上浩志,最高人財責任者（CHRO）,,,人財・リスク管理・総務・法務・情報システム担当。人財に「財」の字を使用,2026-04-16 18:04:40
Denka,TOPIX Mid400,JP,原 敬 (Takashi Hara),上席常務執行役員・CHRO（人事戦略担当）兼CCO,,,2025年12月26日付で確認。前任：石田郁雄氏（2023-2024年CHRO→2025年社長就任）。デンカはCHROタイトルを正式採用。,2026-04-16 17:54:09
DOWA Holdings,TOPIX Mid400,JP,片桐敦,常務執行役員 CHRO,,,2025年6月25日付で常務執行役員兼CHROに就任。人事部・総務・法務部担当,2026-04-16 17:57:09
Kawasaki Heavy Industries,TOPIX Mid400,JP,金子 武 (Takeshi Kaneko),"Managing Executive Officer, General Manager of Human Resources Division",,,2025年役員名簿で確認。CHROタイトルは使用せず。SNS特定不可。,2026-04-16 15:01:23
Inpex Corp,TOPIX Mid400,JP,大川人史,取締役副社長執行役員 総務本部長,,,2025年4月付で総務本部（人事機能含む）担当。2026年3月より共同代表取締役予定,2026-04-16 18:06:52
Kyowa Kirin,TOPIX Mid400,JP,板垣 祥子 (Shoko Itagaki),常務執行役員・CPO (Chief People Officer) & Global HR Head,,,2024年4月CPO就任。前職：Strategic Planning担当執行役員。東京大学農学部卒。2025年8月26日付役員人事変更あり。SNS特定不可。,2026-04-16 17:54:09
Furukawa Electric,TOPIX Mid400,JP,,,,,,
IHI Corp,TOPIX Mid400,JP,斉藤 真美子 (Mamiko Saito),"Executive Officer, General Manager of Human Resources Department",,,2025年4月・2026年4月の人事発表で確認。SNS特定不可。,2026-04-16 15:01:23
Comsys Holdings Corp,TOPIX Mid400,JP,,,,,特定不可: 取締役9〜10名（女性比率10-18%）。HR専任役員名を確認できず。,2026-04-16 15:03:26
Mitsui Chemicals,TOPIX Mid400,JP,安藤 嘉規 (Yoshinori Ando),専務執行役員・CHRO、人事部・グローバル人事部担当,,,2025年10月1日付役員一覧で確認。三井化学はCHROタイトルを正式採用。2025年2月にも同役職が確認済み。,2026-04-16 17:54:09
Nissan Motor,TOPIX Mid400,JP,井原 徹 (Toru Ihara),"SVP, Chief Human Resources Officer (CHRO)",,https://www.linkedin.com/in/toru-ihara-b601b845/,"2024年3月就任。元SVP Global HR, Diversity & Inclusion。",2026-04-16 15:01:23
Taisei Corp,TOPIX Mid400,JP,笠原 淳一 (Kasahara Junichi),専務執行役員 取締役（人事制度改革・企業風土改革・管理本部副本部長担当）,,,HR戦略・制度改革・リスク管理を主導。2026年4月に代表取締役・管理本部長へ昇格予定。CHROタイトルなし。SNS特定不可。,2026-04-16 15:03:26
Isuzu Motors,TOPIX Mid400,JP,有沢 正人 (Masahito Arisawa),"Senior Executive Officer, CHRO",,https://www.linkedin.com/in/%E6%AD%A3%E4%BA%BA-%E6%9C%89%E6%B2%A2-91877a2ba/,2025年4月1日就任。元カゴメCHO・HR GENESIS設立者。日本を代表するHR有識者。,2026-04-16 15:01:23
Obayashi Corp,TOPIX Mid400,JP,,,,,特定不可: CEO蓮輪賢治氏。HR担当役員名を公開情報から確認できず。,2026-04-16 15:03:26
Ube Industries,TOPIX Mid400,JP,川村 了 (Ryo Kawamura),執行役員・総務・法務・知的財産担当、CRO兼CCO,,,2025年2月19日付役員異動で確認（UBE株式会社）。西田祐樹氏が2025年4月1日より新社長就任。人事は総務部門と統合管理。SNS特定不可。,2026-04-16 17:54:09
Toyo Seikan Group Holdings,TOPIX Mid400,JP,,,,,,
Shimizu Corp,TOPIX Mid400,JP,東 佳樹 (Azuma Yoshiki),代表取締役 副社長執行役員（管理部門・サステナビリティ・人事担当）,,,2025年4月1日就任。CHROタイトルなし。HR含む広範な管理部門統括。SNS特定不可。,2026-04-16 15:03:26
Nippon Kayaku,TOPIX Mid400,JP,武田真,取締役 常務執行役員（人事部・法務部・総務・秘書部担当）,,,2025年6月26日時点で確認,2026-04-16 18:05:47
Kajima Corp,TOPIX Mid400,JP,西澤 直志 (Nishizawa Tadashi),執行役員 人事部長・ITソリューション部・総合事務センター管掌,,,2025年役員名簿から確認。CHROタイトルなし。SNS特定不可。,2026-04-16 15:03:26
Dentsu Inc,TOPIX Mid400,JP,谷本美穂,執行役員 ヒューマンキャピタル担当 / Global CHRO・dentsu Japan CPO,,,GE Japan（HRエグゼクティブ）→Google Japan（HR VP）→2023年1月 電通グループGlobal CHRO就任。2025年1月より現肩書,2026-04-16 18:03:50
Amada,TOPIX Mid400,JP,高野 真一 (Shinichi Takano),"Executive Officer, Head of Human Resources Department",,,2025年6月役員名簿から確認。CHROタイトルは使用せず。SNS特定不可。,2026-04-16 15:01:23
Mitsubishi Motors Corp,TOPIX Mid400,JP,今井 明仁 (Akihito Imai),"Corporate Officer, Division General Manager, Human Resources Division",,,2025年時点。正式CHROタイトルなし、HR部門長が実質担当。SNS特定不可。,2026-04-16 15:01:23
T&D Holdings,TOPIX Mid400,JP,森 恭弘 (Mori Yasuhiro),専務執行役員（人事総務部担当）,,,2026年4月1日時点。サステナビリティ・広報・リスク管理も統括。CHROタイトルなし。,2026-04-16 15:03:26
Mazda Motor,TOPIX Mid400,JP,竹内 富美子 (Tomiko Takeuchi),"Executive Officer, CHRO",,,マツダ初の女性プログラムマネージャー（MX-30）。1997年入社。2024-2025年CHRO確認済み。SNS特定不可。,2026-04-16 15:01:23
Sumitomo Heavy Industries,TOPIX Mid400,JP,,,,,,
JGC Corp,TOPIX Mid400,JP,花田琢也,専務執行役員 CHRO & CDO,,https://www.linkedin.com/in/takuya-hanada-172935161/,2022年4月よりCHRO。CDOも兼務。「船中八策」HR改革プログラムで知名度高い。JGCホールディングス（TSE:1963）,2026-04-16 18:04:40
Hitachi Construction Machinery,TOPIX Mid400,JP,澤田誠,CHRO（最高人事責任者）,,,1991年入社。2023年人事部長、2025年CHRO。統合報告書2025でCDIOとの対談掲載。社名はLANDCROSへ変更予定,2026-04-16 18:04:40
Nisshin Seifun Group,TOPIX Mid400,JP,,,,,特定不可: 2025年4月24日付で機構改革・役員・社員人事異動を発表（2025年6月施行）。人事専任担当役員の氏名を公開情報から特定できず。,2026-04-16 17:54:09
Sumitomo Dainippon Pharma,TOPIX Mid400,JP,,,,,特定不可: 2025年10月30日付組織変更あり。住友ファーマとして経営再建中で役員体制が変動。公式役員ページで要確認。,2026-04-16 17:54:09
Tokyo Tatemono,TOPIX Mid400,JP,菅谷 健二 (Sugaya Kenji),上席執行役員（人事部・総務・経営企画・サステナビリティ・財務・DX推進担当）,,,2025年1月1日時点。CHROタイトルなし。SNS特定不可。,2026-04-16 15:03:26
Meiji Holdings,TOPIX Mid400,JP,関根 利泰 (Toshiyasu Sekine),執行役員・CHRO、グループ人事戦略部長,,,2025年6月26日就任。明治HDはCHROタイトルを正式採用。2025年6月下旬に松田克也氏が新社長就任。,2026-04-16 17:54:09
Ebara Corp,TOPIX Mid400,JP,佐藤 洋二 (Yoji Sato),"Executive Officer, CHRO",,,2025年1月よりHR Division Executive、2025年3月よりCHRO。E-Plan 2025でCHRO室設置（2023年）。,2026-04-16 15:01:23
Nikon Corp,TOPIX Mid400,JP,,,,,,
NH Foods,TOPIX Mid400,JP,秋山 光平 (Kohei Akiyama),取締役兼上席執行役員・総務部・広報サステナビリティ部等担当,,,2025年1月31日付役員人事・組織変更で確認。人事機能は総務部門の統括下。専任CHROタイトルなし。,2026-04-16 17:54:09
Sapporo Holdings,TOPIX Mid400,JP,内山 夕香 (Yuka Uchiyama),グループ執行役員・グループ人事担当、サッポロビール取締役,,,サッポロHD非常勤取締役兼サッポロビール取締役として人事機能を統括。2025年に人事戦略フォーラムでCHRO機能改革事例として紹介。,2026-04-16 17:54:09
Eisai,TOPIX Mid400,JP,正鹿 照之 (Teruyuki Masaka),執行役員・CHRO、人事・コーポレートコミュニケーション・サステナビリティ・総務担当,,https://www.linkedin.com/in/teruyuki-masaka-87b135271/,エーザイはCHROタイトルを正式採用。2024年度「Human Capital Leaders」選定企業。早稲田大学出身。,2026-04-16 17:54:09
Dainippon Screen Mfg,TOPIX Mid400,JP,,,,,,
Tobu Railway,TOPIX Mid400,JP,岩廣哲典,執行役員 人事・総務法務・調査室長,,,2025年4月1日付。人事・総務法務を管掌,2026-04-16 18:04:40
NSK,TOPIX Mid400,JP,岡 秀典 (Hidenori Oka),執行役常務・人事総務本部長,,,NSKコーポレートガバナンス報告書から確認。人権リスク管理も統括。SNS特定不可。,2026-04-16 15:01:43
Tokyu Corp,TOPIX Mid400,JP,,,,,,
NTN Corp,TOPIX Mid400,JP,,,,,特定不可: 2025年に人事本部設置。担当役員名を公開情報から確認できず。,2026-04-16 15:01:23
Ricoh,TOPIX Mid400,JP,長久良子,コーポレート執行役員 CHRO,,,2024年7月よりCHRO就任（前任：瀬戸まゆ子）。リコー（TSE:7752）,2026-04-16 18:06:52
Odakyu Electric Railway,TOPIX Mid400,JP,,,,,,
Takara Holdings,TOPIX Mid400,JP,髙橋秀夫,常務取締役（人事・総務・広報IR担当）,,,2025年4月1日付で人事・総務・広報IR担当の常務取締役に就任。宝ホールディングス（TSE:2531）,2026-04-16 18:04:40
JTEKT Corp,TOPIX Mid400,JP,清水 忍 (Shigeru Shimizu),Managing Executive Officer (総務・人事担当、CRO・CINO),,,2026年1月1日付役員体制から確認。独立CHROタイトルなし。SNS特定不可。,2026-04-16 15:01:23
Keio Corp,TOPIX Mid400,JP,加藤慎司,執行役員 人事部長,,,2024年6月26日付で執行役員人事部長に就任。京王電鉄（TSE:9008）,2026-04-16 18:03:50
Sojitz Corp,TOPIX Mid400,JP,小倉 茂 (Ogura Shigeru),執行役員 人事担当本部長,,,2025年4月1日就任。人事部を人事第一部・第二部に再編。CHROタイトルなし。SNS特定不可。,2026-04-16 15:03:26
Trend Micro,TOPIX Mid400,JP,,,,,,
Minebea Mitsumi,TOPIX Mid400,JP,山本 洋 (Hiroshi Yamamoto),"Director, Head of Human Resources Department",,,人事部長・タレント開発部門統括として確認（2022-2025）。Executive Officer levelのCHROタイトルなし。,2026-04-16 15:01:23
Toppan Holdings,TOPIX Mid400,JP,大久保伸一,副社長執行役員 CHRO,,,1975年凸版印刷入社。2023年10月のTOPPANホールディングス体制移行時にCHRO就任。秘書・人事・法務・広報統括,2026-04-16 18:03:50
Keisei Electric Railway,TOPIX Mid400,JP,,,,,,
Kikkoman Corp,TOPIX Mid400,JP,梅本 洋 (Hiroshi Umemoto),人事戦略部長（グループ人事担当）,,,2025年4月1日現在の人事戦略部長として確認。取締役・執行役員レベルではなく部長職。役員レベルのCHRO職は設置していない模様。,2026-04-16 17:54:09
Dai Nippon Printing,TOPIX Mid400,JP,佐々木新志,人事本部長,,,2025年4月付で人事本部長に就任（日刊工業新聞人事欄）。大日本印刷（TSE:7912）,2026-04-16 18:03:50
Konica Minolta,TOPIX Mid400,JP,岡慎一郎,常務執行役 人事・総務担当 危機管理委員長,,https://www.konicaminolta.com/jp-ja/corporate/management-profile/oka.html,2020年6月入社。前職：Macromill CHRO・IBM・コカ・コーラ・United Technologies。コニカミノルタ（TSE:4902）,2026-04-16 18:06:52
Yamaha Corp,TOPIX Mid400,JP,,,,,,
Nichirei Corp,TOPIX Mid400,JP,片岡 恵美 (Emi Kataoka),執行役員・総務部・人事企画部管掌、ダイバーシティ推進部長,,,2025年4月就任。取締役専務執行役員がフードテック推進・ダイバーシティ・人事管掌を兼務する上位体制あり。SNS特定不可。,2026-04-16 17:54:09
Shiseido,TOPIX Mid400,JP,和田 信二 (Shinji Wada)（2025年12月31日退任）,元執行役員・CPO（2025年12月31日退任）,,https://www.linkedin.com/in/shinji-wada-b69938b/,Wada氏は2023年10月にCPO就任、2025年12月31日付退任。2026年4月時点で後任CPOは未公表。資生堂は大規模リストラ中。,2026-04-16 17:54:09
Fuji Electric,TOPIX Mid400,JP,,,,,,
Nippon Express Holdings,TOPIX Mid400,JP,赤間立也,常務執行役員 コーポレートマネジメント本部長兼人財戦略統括部担当,,,NIPPON EXPRESSホールディングス（TSE:9147）。コーポレートマネジメント・リスク管理・人財戦略を統括,2026-04-16 18:04:40
J.Front Retailing,TOPIX Mid400,JP,柴田 剛 (Shibata Tsuyoshi),執行役 常務 人財戦略統括部長,,,2025年3月1日就任。「人財戦略」用語を使用。CHROタイトルなし。SNS特定不可。,2026-04-16 15:03:26
Yaskawa Electric Corp,TOPIX Mid400,JP,,,,,,
Yamato Holdings,TOPIX Mid400,JP,野村 優 (Nomura Yu),専務執行役員 CFO（コーポレート管掌・人事担当）,,,2025年4月1日時点。HR機能はCFO/コーポレート管掌の一部（経営企画・財務・人事・サステナビリティ）。CHROタイトルなし。,2026-04-16 15:03:26
Isetan Mitsukoshi Holdings,TOPIX Mid400,JP,牧野 欣功 (Makino Yoshinori),取締役 執行役員 総務人事部門長,,,2025年4月1日新任。CHROタイトルなし。SNS特定不可。,2026-04-16 15:03:26
Yokohama Rubber,TOPIX Mid400,JP,石光真吾,常務執行役員 経営管理本部長,,,元 執行役員人事部長。2025年3月28日の株主総会で経営管理本部長（人事含む）に昇格,2026-04-16 18:06:52
GS Yuasa Corp,TOPIX Mid400,JP,樋口健志,取締役（人事・総務・法務担当）,,,2025年6月26日付で取締役として人事担当に就任,2026-04-16 17:57:09
AGC Inc,TOPIX Mid400,JP,井原有紀,執行役員 人事戦略統括担当部長,,,2022年3月より人事戦略統括担当部長。2025年1月より執行役員も兼務。AGC（TSE:5201）,2026-04-16 18:06:52
Kawasaki Kisen Kaisha,TOPIX Mid400,JP,玉置伸哉,常務執行役員（総務・人事・法務・コンプライアンス統括）,,,2025年3月28日時点での確認。日本海事新聞「新役員の横顔」でも紹介,2026-04-16 18:05:47
Nisshinbo Holdings,TOPIX Mid400,JP,佐藤昌志,執行役員 経営戦略センター人財・総務室長,,,2025年1月1日付で就任,2026-04-16 18:05:47
Nippon Electric Glass,TOPIX Mid400,JP,森井守,専務執行役員（総務・人事・財務担当）,,,2026年1月1日付で人事部門の担当として継続確認,2026-04-16 17:57:09
Takashimaya,TOPIX Mid400,JP,阿部 宗彦 (Abe Munehiko),執行役員 総務本部副本部長兼人事部長,,,2025年3月1日再編。HR機能は総務本部内に組み込み。CHROタイトルなし。SNS特定不可。,2026-04-16 15:03:26
Mitsubishi Logistics Corp,TOPIX Mid400,JP,前川 昌範 (Maekawa Masanori),代表取締役 常務執行役員（総務・広報・IR・人事・サステナビリティ担当）,,,2025年7月1日時点。複合担当役員でCHROタイトルなし。SNS特定不可。,2026-04-16 15:03:26
Sumitomo Osaka Cement,TOPIX Mid400,JP,永江謙一,執行役員（管理部担当・管理部長）,,,2025年4月1日付。管理部（人事機能含む）担当,2026-04-16 18:05:47
Marui Group,TOPIX Mid400,JP,長棹 淳 (Nagasao Atsushi),執行役員 CHRO（最高人事責任者）,,,丸井グループがCHROタイトルを明示使用。2026年4月よりCHRO就任（1999年入社、2022年より経営企画部長、2023年より執行役員）。,2026-04-16 15:03:26
Teijin,TOPIX Mid400,JP,桜井 文明 (Fumiaki Sakurai),"Executive Officer, CHRO & CSuO",,,テイジンのサステナビリティ管理ページで確認。HR×サステナビリティ統合推進。SNS特定不可。,2026-04-16 15:01:43
Taiheiyo Cement Corp,TOPIX Mid400,JP,根本裕介,常務執行役員（人事部担当）兼 人事部長,,,2025年4月1日付で就任。人事部・監査部・不動産事業部担当,2026-04-16 18:05:47
Credit Saison,TOPIX Mid400,JP,高橋 直樹 (Takahashi Naoki),代表取締役 副社長執行役員 CHO（最高人事責任者）,,,CHO（Chief Human Officer）タイトル使用。戦略推進・新規事業・コンプライアンス監査も統括。2025年3月時点。,2026-04-16 15:03:26
Toray Industries,TOPIX Mid400,JP,柳井克之,上席執行役員 人事勤労部門長 兼 東レ総合研修センター所長,,,2025年4月1日付で就任。2026年4月体制でも継続確認,2026-04-16 18:05:47
Tokai Carbon,TOPIX Mid400,JP,辻 雅史 (Masashi Tsuji),取締役兼執行役員・人事部・総務部・法務部管掌,,,人事・総務・法務を統括する取締役執行役員として確認。2025年7月21日付役員人事あり。SNS特定不可。,2026-04-16 17:54:09
Kuraray,TOPIX Mid400,JP,多賀 慶二 (Keiji Taga),"Representative Director, Senior Managing Executive Officer (サステナビリティ・人事・物流担当)",,,TheOfficialBoard・統合報告書2025で確認。2025年にHR部門を独立設置。SNS特定不可。,2026-04-16 15:01:43
TOTO,TOPIX Mid400,JP,,人事担当役員,,,特定不可: 田村信哉氏が2025年4月より社長就任。HR担当執行役員名を公開情報から確認できず。,2026-04-16 15:01:43
NGK Insulators,TOPIX Mid400,JP,野崎正人,執行役員 人材統括部長,,,2023年より執行役員人材統括部長。2025年時点継続確認。2026年4月NGK株式会社に商号変更予定,2026-04-16 18:05:47
Tokyo Electric Power,TOPIX Mid400,JP,柿澤幸彦,執行役 最高労務人事責任者,,,2025年3月付就任。Chief Human Resources & Labor Officer,2026-04-16 17:57:09
SUMCO Corp,TOPIX Mid400,JP,,,,,,
Alps Alpine,TOPIX Mid400,JP,小林 淳二 (Junji Kobayashi),"CStO (Chief Strategy Officer), Head of Human Resources and Legal Division",,,2025年1月31日付組織変更から確認。HR担当兼任のCStO。2025年6月にも追加変更あり。,2026-04-16 15:01:23
Aozora Bank,TOPIX Mid400,JP,,,,,特定不可: 2025年に高橋徹CIO等を任命。HR担当役員名を公開情報から確認できず。,2026-04-16 15:03:26
Chubu Electric Power,TOPIX Mid400,JP,佐々木敏春,副社長執行役員（人事部統括）,,,2025年4月1日付就任。人事部統括含む広範なコーポレート部門担当,2026-04-16 17:57:09
Oji Holdings Corp,TOPIX Mid400,JP,,,,,特定不可: 2025年4月1日付でCxO制（マトリックス型組織）を導入、CHROが設置されたと見られるが具体的な氏名を公開情報から確認できず。,2026-04-16 17:54:09
Kobe Steel,TOPIX Mid400,JP,岡野康司,執行役員（人事労政部担当）,,,2025年4月1日付。安全・環境部・法務部・人事労政部を担当,2026-04-16 18:05:47
Kansai Electric Power,TOPIX Mid400,JP,宮本信之,執行役常務（人財・安全推進室担当）,,,2025年度。人財・安全推進室（人事機能含む）管掌,2026-04-16 17:57:09
JFE Holdings,TOPIX Mid400,JP,,,,,,
Yokogawa Electric Corp,TOPIX Mid400,JP,朝長正隆,執行役 人財総務本部長,,,2025年4月付で就任。横河電機（TSE:6841）,2026-04-16 18:06:52
Tokyo Gas,TOPIX Mid400,JP,斉藤彰浩,常務執行役 CHRO,,,2024年4月よりCHROに就任。人的資本経営の推進責任者,2026-04-16 17:57:09
Osaka Gas,TOPIX Mid400,JP,今井敏之,常務執行役員 兼 人事部長,,,2025年4月1日時点で人事部長を兼務,2026-04-16 17:57:09
Toho Gas,TOPIX Mid400,JP,拝郷丈夫,専務執行役員（人事担当）,,,2025年4月1日付で人事部担当の専務執行役員に就任,2026-04-16 17:57:09
Resonac Holdings,TOPIX Mid400,JP,今井のり,取締役 常務執行役員 CHRO,,,旧日立化成入社後2022年よりレゾナックCHROに就任。共創型人材育成・企業文化変革を主導,2026-04-16 17:57:09
Japan Steel Works,TOPIX Mid400,JP,千村禎,取締役兼執行役員（人事教育担当）,,,2025年4月1日付。安全衛生管理・CSR・リスク管理担当兼人事教育担当,2026-04-16 18:05:47
Casio Computer,TOPIX Mid400,JP,小林康裕,執行役員 人事担当,,,2024年4月時点で人事担当執行役員として確認,2026-04-16 18:06:52
Chiba Bank,TOPIX Mid400,JP,今井 敦司 (Imai Atsushi),常務執行役員 Group CHRO（最高人事責任者）,,,千葉銀行がCHROタイトルを明示使用。統合報告書2025で確認。SNS特定不可。,2026-04-16 15:03:26
Sumitomo Chemical,TOPIX Mid400,JP,清水 正生 (Masao Shimizu),上席常務執行役員・内部統制・監査・法務・人事担当、大阪管理部門担当,,,2025年5月14日付役員異動で確認。専任CHROタイトルなし、法務・監査等と兼務。2025年3月に監査等委員会設置会社へ移行。,2026-04-16 17:54:09
Nissan Chemical Industries,TOPIX Mid400,JP,松岡 健 (Takeshi Matsuoka),取締役兼常務執行役員・CRO、人事部担当,,,2025年2月26日付役員人事で確認。CROと人事部担当を兼務。専任CHROタイトルなし。SNS特定不可。,2026-04-16 17:54:09
Mitsui Mining and Smelting,TOPIX Mid400,JP,,,,,,
Fukuoka Financial Group,TOPIX Mid400,JP,安達 圭 (Adachi Kei),執行役員 CIO・CHRO、人財戦略部・経営企画部担当,,,FFGがCHROタイトルを明示使用。2025年時点確認済み。SNS特定不可。,2026-04-16 15:03:26
Taiyo Yuden,TOPIX Mid400,JP,山崎聡,執行役員 人事部担当,,,太陽誘電（TSE:6976）執行役員人事部担当,2026-04-16 18:06:52
Shizuoka Financial Group,TOPIX Mid400,JP,,,,,特定不可: 2025年6月の人事発表はCIO・デジタル系中心。HR担当役員名を確認できず。,2026-04-16 15:03:26
Konami Holdings,TOPIX Mid400,JP,,,,,,
Tosoh Corp,TOPIX Mid400,JP,安達 徹 (Toru Adachi),代表取締役兼専務執行役員・経営企画・連結経営部担当（人事部関与）,,,2025年4月1日付確認。人事部は専務担当の経営企画部門が関与する体制。専任CHRO職なし。SNS特定不可。,2026-04-16 17:54:09
Mitsubishi Materials Corp,TOPIX Mid400,JP,野川真木子,執行役常務 CHRO,,,GE・IBM・3M Japan・花王等でHRキャリアを積み2021年入社。2023年4月よりCHRO就任,2026-04-16 17:57:09
Tokuyama Corp,TOPIX Mid400,JP,佐藤卓志,常務執行役員 総務人事部門長,,,2025年4月1日付で就任,2026-04-16 18:05:47
Sumitomo Metal Mining,TOPIX Mid400,JP,矢野三保子,執行役員 人事部長,,,常務執行役員 吉田浩が上位管理（経営企画部長兼人事部・法務部・DX推進部担当）,2026-04-16 17:57:09
Daiwa Securities Group,TOPIX Mid400,JP,川島 博政 (Kawashima Hiromasa),執行役員 CHO・人事担当（副担当）,,,2025年4月1日就任（白川香名前任CHOが2025年3月退任）。CHO（Chief Human Officer）タイトル使用。,2026-04-16 15:03:26
Tokyu Fudosan Holdings,TOPIX Mid400,JP,鈴木 盛生 (Suzuki Morio),執行役員（グループ人事部担当）,,,2025年4月1日就任。CHROタイトルなし。SNS特定不可。,2026-04-16 15:03:26
Nitto Denko,TOPIX Mid400,JP,大脇 康人 (Yasuhito Ohwaki),"Senior Executive Vice President, Director, CHRO",,,2024年6月就任。元EVP・CIO・コーポレートサステナビリティ部門長。Bloomberg・GlobalDataで確認。,2026-04-16 15:01:23
Kyushu Electric Power,TOPIX Mid400,JP,津野喜久代,執行役員 人材活性化本部長,,,2023年より人材活性化本部長。2025年時点継続在任確認,2026-04-16 18:05:47
Taiyo Nippon Sanso,TOPIX Mid400,JP,小出義文,取締役常務執行役員 コーポレートユニット長,,,2025年4月1日付就任。人事部は同日より社長直轄の独立組織に改編,2026-04-16 17:57:09
DeNA Co,TOPIX Mid400,JP,崔大宇,執行役員 ヒューマンリソース本部長,,,2010年DeNA入社。2018年4月よりHR本部長,2026-04-16 17:57:09
Japan Airlines,TOPIX Mid400,JP,大堀哲,常務執行役員 人財本部長,,,2025年4月1日以降の役員体制で確認。採用サイトでも人財本部 常務執行役員として紹介,2026-04-16 18:05:47
Nishimatsu Construction,TOPIX Mid400,JP,河埜祐一,代表取締役副社長 管理本部長兼人財戦略室長,,,2025年4月付。管理本部・人財戦略室を統括,2026-04-16 18:04:40
Toda Corp,TOPIX Mid400,JP,瀬尾暢宏,常務執行役員 人事統轄部長,,,戸田建設（TSE:1860）。常務執行役員として人事統轄部長を兼務,2026-04-16 18:04:40
Daito Trust Construction,TOPIX Mid400,JP,湯目 由佳理 (Yume Yukari),執行役員 HR統括部長（ダイバーシティ推進担当）,,,2025年4月1日就任。「HR統括部」という命名。CHROタイトルなし。SNS特定不可。,2026-04-16 15:03:26
Penta-Ocean Construction,TOPIX Mid400,JP,,,,,特定不可: 取締役10名+監査2名（女性比率21.4%）。HR担当役員名を公開情報から確認できず。,2026-04-16 15:03:26
Kandenko Co,TOPIX Mid400,JP,,,,,田母神博文氏が元CHRO・CSOから2025年4月1日付で社長就任。後任CHRO名を公開情報から確認できず。,2026-04-16 15:03:26
Kinden Corp,TOPIX Mid400,JP,,,,,特定不可: 2025年4月に新しい執行役員制度を導入（取締役会は監督に特化、執行体制強化）。HR専任役員名を確認できず。,2026-04-16 15:03:26
Kyowa Exeo Corp,TOPIX Mid400,JP,佐藤 善通 (Sato Yoshimichi),執行役員（人事部担当）,,,2025年5月23日発表から確認。社名をエクシオグループに変更済み。CHROタイトルなし。SNS特定不可。,2026-04-16 15:03:26
Yamazaki Baking,TOPIX Mid400,JP,飯島 幹雄 (Mikio Iijima),取締役副社長・総務・人事担当,,,副社長として人事を担当。吉田修康氏が常務人事担当として実務を統括。飯島家族経営で保守的な組織体制。専任CHROタイトルなし。,2026-04-16 17:54:09
Yakult Honsha,TOPIX Mid400,JP,塚越 潤 (Jun Tsukagoshi),執行役員・人事部管掌,,,2025年4月1日就任。取締役ではなく執行役員レベル。専任CHROタイトルなし。SNS特定不可。,2026-04-16 17:54:09
NS Solutions Corp,TOPIX Mid400,JP,井東久也,執行役員 人事本部長,,,2024年4月より執行役員人事本部長。1989年新日本製鐵入社。日鉄ソリューションズ（TSE:2327）,2026-04-16 18:03:50
Kakaku.com,TOPIX Mid400,JP,宮崎 加奈子 (Miyazaki Kanako),取締役 上席執行役員 CHRO（人事・サステナビリティ担当・人事総務部門長）,,,カカクコムがCHROタイトルを明示使用。2025年2月19日発表、2025年4月1日就任。SNS特定不可。,2026-04-16 15:03:26
M3 Inc,TOPIX Mid400,JP,,,,,,
Ito En,TOPIX Mid400,JP,平田 篤 (Atsushi Hirata),取締役兼上席執行役員・CHRO兼CFO、経営管理本部長,,,2023年にCHRO就任、2025年5月1日付でCFOも兼任。CHROとCFOを同一人物が兼務するユニークな体制。,2026-04-16 17:54:09
Fuji Oil Holdings,TOPIX Mid400,JP,前田淳,上席執行役員 CFO 兼 人事総務本部長,,,2025年2月付。人事機能はCFOが兼務,2026-04-16 18:04:40
ABC-Mart,TOPIX Mid400,JP,勝沼 勝 (Katsunuma Masaru),執行役員（総務人事担当）,,,2025年5月27日第40回定時株主総会。店舗開発・財務経理・物流も統括。CHROタイトルなし。SNS特定不可。,2026-04-16 15:03:26
Alfresa Holdings Corp,TOPIX Mid400,JP,紙内 真由美 (Kamiuchi Mayumi),取締役 副社長執行役員（人財戦略・コンプライアンス担当・サステナビリティ推進部長）,,,2025年4月1日就任。上位のHR担当役員として実質CHROに相当。CHROタイトルなし。,2026-04-16 15:03:26
Kewpie Corp,TOPIX Mid400,JP,久保薫,執行役員 人事本部長,,,キユーピー（TSE:2809）執行役員人事本部長,2026-04-16 18:04:40
House Foods Group,TOPIX Mid400,JP,,,,,特定不可: 管理本部長が人事機能を統括する体制。2025年4月1日付で人事総務部に人材戦略担当（福島宏行氏）が配置。役員氏名を公開情報から特定できず。,2026-04-16 17:54:09
Kagome Co,TOPIX Mid400,JP,河原 丈二 (Jiro Kawahara),執行役員・人事総務本部長,,,2025年1月1日就任。有沢正人氏（カゴメアクシス社長）が上位で管理戦略を担当。SNS特定不可。,2026-04-16 17:54:09
Toyo Suisan Kaisha,TOPIX Mid400,JP,久保 恭司 (Kyoji Kubo),取締役・総務部長,,,2025年7月29日付役員人事で確認。東洋水産では総務部長が役員として任命される形態。専任CHROタイトルなし。マルちゃんブランドで有名。,2026-04-16 17:54:09
Nissin Foods Holdings,TOPIX Mid400,JP,正木 茂 (Shigeru Masaki),執行役員・CHRO（グループ人事責任者）,,,2021年4月CHRO就任、2022年4月執行役員昇格。1993年日清食品入社。経理→財務→人事→米国CFO→財務経理部長→人事部長→CHRO。2025年現在も継続在任確認。,2026-04-16 17:54:09
Hulic Co,TOPIX Mid400,JP,飯島 弘行 (Iijima Hiroyuki),執行役員（人事部担当）,,,2026年発表。HR担当執行役員として確認。CHROタイトルなし。SNS特定不可。,2026-04-16 15:03:26
ZOZO Inc,TOPIX Mid400,JP,,,,,特定不可: CEO澤田宏太郎氏。取締役11名（54%社外）。CHROをCEO/COO直下に組み込む可能性。,2026-04-16 15:03:26
Daiwabo Holdings,TOPIX Mid400,JP,,,,,特定不可: 2025年6月26日現在取締役11名（女性比率36%）。ITディストリビューター事業（DIS）が主力。HR担当役員名を公開情報から特定できず。,2026-04-16 17:54:09
Toyota Boshoku Corp,TOPIX Mid400,JP,岩森 俊一 (Shunichi Iwamori),"Director, Operating Officer, CHRO",,,2022年6月よりCHROタイトル保有。Toyota Boshoku America社長兼CEO兼任。サステナビリティ委員会委員長。,2026-04-16 15:01:23
Nomura Real Estate Holdings,TOPIX Mid400,JP,宇木 素実 (Uki Motomi),執行役員（グループ人事・人材開発部担当）,,,2025年4月1日時点。CHROタイトルなし。SNS特定不可。,2026-04-16 15:03:26
Iida Group Holdings,TOPIX Mid400,JP,,,,,特定不可: 2025年4月1日より西野博氏が新社長就任。HR専任CHRO未確認。,2026-04-16 15:03:26
Ship Healthcare Holdings,TOPIX Mid400,JP,,,,,特定不可: CEO大橋太氏。HR担当役員名を公開情報から確認できず。,2026-04-16 15:03:26
Tsuruha Holdings,TOPIX Mid400,JP,尾島徳仁,執行役員 人事総務本部長,,,2024年11月に人事総務本部を新設し就任。大手銀行での30年超のキャリアを持つ,2026-04-16 18:03:50
Wacoal Holdings Corp,TOPIX Mid400,JP,,,,,特定不可: 2025年3月・9月に組織改編。2026年4月にグループ人事担当を新設し人事ガバナンス強化。2025年時点の担当役員氏名を公開情報から特定できず。,2026-04-16 17:54:09
TIS Inc,TOPIX Mid400,JP,河村 正和 (Kawamura Masakazu),常務執行役員（人事本部長・コーポレート企画本部長）,,,2025年4月1日/2026年時点。CHROタイトルなし。SNS特定不可。,2026-04-16 15:03:26
Nexon Co,TOPIX Mid400,JP,,,,,,
Internet Initiative Japan,TOPIX Mid400,JP,,,,,,
Rengo Co,TOPIX Mid400,JP,三部 廣美 (Hiromi Mibe),副社長執行役員（上席）・社長室・コンプライアンス・総務部・法務部・人事本部・広報部統轄,,,2025年4月1日就任。戸田正仁氏が常務執行役員として人事本部長兼総務部担当。人事本部は副社長が統括。段ボール・包装材業界最大手。,2026-04-16 17:54:09
Toagosei Co,TOPIX Mid400,JP,,,,,,
Ibiden Co,TOPIX Mid400,JP,,,,,,
Air Water Inc,TOPIX Mid400,JP,井上喜久栄,取締役 執行役員（女性活躍推進・人事・広報/IR担当）,,,2026年3月16日時点で確認,2026-04-16 18:05:47
Nippon Shokubai,TOPIX Mid400,JP,原田 茂 (Shigeru Harada),総務人事本部長（兼サステナビリティ推進室長・経営企画本部長）,,,2025年4月1日就任。新雇用型執行役員制度導入に伴う就任。取締役ではなく執行役員レベル。SNS特定不可。,2026-04-16 17:54:09
Kaneka Corp,TOPIX Mid400,JP,亀高 真一郎 (Shinichiro Kameko),取締役副社長・人事担当,,,2025年6月下旬株主総会後の役員体制で確認。副社長として人事を担当（他機能も兼務）。専任CHROタイトルなし。,2026-04-16 17:54:09
Mitsubishi Gas Chemical,TOPIX Mid400,JP,青木 康根 (Yasuhiro Aoki),執行役員・総務人事本部担当（総務人事本部長兼人事部長）,,,2025年4月1日付で確認。取締役ではなく執行役員レベル。有吉伸久氏取締役が内部統制・財務・総務人事等を統括する上位職。SNS特定不可。,2026-04-16 17:54:09
Daicel Corp,TOPIX Mid400,JP,,,,,特定不可: 取締役：小河義美会長・榊康裕社長ほか。人事担当の具体的な執行役員氏名を公開情報から特定できず。,2026-04-16 17:54:09
Sumitomo Bakelite,TOPIX Mid400,JP,池山寧久,執行役員 人事本部長,,,人事本部長として人的資本経営を担当。DE&I推進室を設置,2026-04-16 18:05:47
Sekisui Chemical,TOPIX Mid400,JP,八木 崇 (Takashi Yamaki),"Executive Officer, Unit Executive Director, Human Resources",,,ZoomInfo・積水化学管理情報から確認。大阪拠点。CHROタイトルは使用せず。SNS特定不可。,2026-04-16 15:01:23
Zeon Corp,TOPIX Mid400,JP,深潟智博,執行役員 人事統括部門長,,,2025年3月28日付で新任執行役員として人事統括部門長就任,2026-04-16 18:05:47
Adeka Corp,TOPIX Mid400,JP,,,,,,
Ono Pharmaceutical,TOPIX Mid400,JP,辻中 聡浩 (Toshihiro Tsujinaka),代表取締役兼副社長執行役員・経営戦略本部長兼人事統括部長,,,2025年1月1日就任。専任CHROタイトルなし、副社長が人事統括部長を兼務。SNS特定不可。,2026-04-16 17:54:09
Hisamitsu Pharmaceutical,TOPIX Mid400,JP,滝山 浩二 (Koji Takiyama),取締役兼執行役員・社長室長、人事・研究開発・サステナビリティ推進管掌,,,2025年5月22日付役員人事で確認。専任CHRO職なし、取締役が人事を兼務。SNS特定不可。,2026-04-16 17:54:09
Santen Pharmaceutical,TOPIX Mid400,JP,齋木 陽子 (Yoko Saiki),執行役員・CHRO,,,2025年10月CHRO就任。前職：Global Head of Corporate Strategy。2020年よりSanten在籍。SNS特定不可。,2026-04-16 17:54:09
Tsumura & Co,TOPIX Mid400,JP,遠藤 浩司 (Koji Endo),執行役員・CHRO（最高人財・人事責任者）、HR本部長兼ツムラアカデミー室長,,,2025年4月1日就任。ツムラはCHROを取締役会決議で選定する制度を持つ。SNS特定不可。,2026-04-16 17:54:09
Nippon Paint Holdings,TOPIX Mid400,JP,松本 泰之 (Yasuyuki Matsumoto),CAO (Chief Administrative Officer) & Head of Personnel,,,2025年1月1日付でCAO職を新設し人事機能を統括。MarketScreener・ZoomInfoで確認。非日本人主導のグローバルHDであることに留意。SNS特定不可。,2026-04-16 17:54:09
Kansai Paint,TOPIX Mid400,JP,高田 秀雄 (Hideo Takada),執行役員・経営推進部門 人事・管理本部長,,,2025年3月期現在の役員一覧で確認。取締役ではなく執行役員レベルで人事・管理本部を統括。2025年2月27日付役員等の異動。SNS特定不可。,2026-04-16 17:54:09
DIC Corp,TOPIX Mid400,JP,Matthew Goldberg,執行役員・グループCHRO（グローバル人事部長）,,,DICは外国人グローバルCHROを任命。2025年11月13日発表、2026年1月付機構改革・役員人事。DICはグローバル化学グループ。,2026-04-16 17:54:09
Park24 Co,TOPIX Mid400,JP,望月和人,執行役員 グループ人事本部担当,,,2025年10月の組織改編で執行役員グループ人事本部担当として就任,2026-04-16 18:03:50
Oracle Corp Japan,TOPIX Mid400,JP,,,,,,
Otsuka Corp,TOPIX Mid400,JP,,,,,,
Lion Corp,TOPIX Mid400,JP,小林 賢次郎 (Kenjiro Kobayashi),取締役兼上席執行役員・人材開発センター・総務部・経営支援部・サステナビリティ推進部担当,,,2025年2月13日付取締役人事で確認。人事機能は人材開発センターとして総務等と統合管理。専任CHROタイトルなし。,2026-04-16 17:54:09
Idemitsu Kosan,TOPIX Mid400,JP,池田 和馬 (Ikeda Kazuma),執行役員 人事管掌,,,1991年入社。2023年人事部長、2024年執行役員、2025年7月1日より人事管掌。日経ESGでHRリーダーとして紹介。SNS特定不可。,2026-04-16 15:03:26
Toyo Tire & Rubber,TOPIX Mid400,JP,,,,,特定不可: 2025年1月1日に組織再編、3月に人事発表。HR担当役員名を公開情報から確認できず。,2026-04-16 15:01:23
Sumitomo Rubber Industries,TOPIX Mid400,JP,徳毛裕司,執行役員 人事総務本部長,,,2025年3月27日付で執行役員人事総務本部長に就任,2026-04-16 18:04:40
Niterra Co,TOPIX Mid400,JP,,,,,,
Yamato Kogyo,TOPIX Mid400,JP,,,,,,
Maruichi Steel Tube,TOPIX Mid400,JP,石松伸一,常務執行役員 人事総務部長,,,2025年6月1日付で常務執行役員・人事総務部長。2026年1月より管理部門管掌に変更,2026-04-16 18:05:47
Daido Steel,TOPIX Mid400,JP,竹鶴隆昭,常務執行役員（人事部・総務部・法務部・環境部担当）,,,2024年7月1日付体制で確認。人事・法務・総務・環境・安全健康推進部担当,2026-04-16 18:05:47
Sanwa Holdings Corp,TOPIX Mid400,JP,,,,,,
Lixil Corp,TOPIX Mid400,JP,Jin Song Montesano,"Director, Representative Executive Officer, EVP, Chief People Officer (CPO)",,,2014年11月よりCPO/CHRO相当。FY2025末（2026年3月）に執行役員退任発表。後任未確認。,2026-04-16 15:01:23
Rinnai Corp,TOPIX Mid400,JP,小川拓也,執行役員 管理統括部長 兼 人事部長,,,2025年4月付で就任。リンナイ（TSE:5947）,2026-04-16 18:06:52
NHK Spring,TOPIX Mid400,JP,,,,,特定不可: 公式役員ページは存在するが、HR担当役員名を公開情報から確認できず。,2026-04-16 15:01:23
OSG Corp,TOPIX Mid400,JP,安形 幸治 (Koji Yasugata),"Senior Executive Officer, Resource Management Center and Human Resources & General Affairs",,,日経人事情報より確認。SNS特定不可。,2026-04-16 15:01:23
DMG Mori Co,TOPIX Mid400,JP,高野夏峰,常務執行役員（国際・米国・欧州人事担当）,,,2025年10月付でグローバル人事を統括,2026-04-16 18:06:52
Nabtesco Corp,TOPIX Mid400,JP,高橋 誠司 (Seiji Takahashi),"Representative Director, Managing Executive Officer (総務・人事・法務担当)",,,HR経験深い。独立CHROタイトルなし、HR含む複合担当役員。SNS特定不可。,2026-04-16 15:01:23
Kurita Water Industries,TOPIX Mid400,JP,,,,,,
Daifuku Co,TOPIX Mid400,JP,宅保 英明 (Hideaki Takubo),"Director, Senior Managing Officer, CHRO",,,明示的なCHROタイトル保有。後継者計画・リーダー育成を統括。SNS特定不可。,2026-04-16 15:01:23
Sankyo Co,TOPIX Mid400,JP,赤石昌大,常務執行役員 管理本部副本部長 兼 総務部長,,,2025年4月付で就任。総務部が人事機能を含む,2026-04-16 18:06:52
Brother Industries,TOPIX Mid400,JP,,,,,特定不可: 2025年10月にGroup HR Management Policy公表。担当役員名を公開情報から特定できず。,2026-04-16 15:01:23
Sega Sammy Holdings,TOPIX Mid400,JP,高橋真,常務執行役員（人財開発本部管掌）,,,2025年4月1日付で常務執行役員として人財開発本部を管掌,2026-04-16 17:57:09
THK Co,TOPIX Mid400,JP,藤田勝巳,執行役員 人事総務統括部長,,,2025年3月付人事発表で確認,2026-04-16 18:06:52
Makita Corp,TOPIX Mid400,JP,,,,,特定不可: 小林嘉範氏が総務部長として確認されるが、HR担当執行役員名を公開情報から特定できず。,2026-04-16 15:01:23
Mabuchi Motor,TOPIX Mid400,JP,,,,,特定不可: HR機能は総務担当Senior Managing Executive Officerが統括。担当者名を公開情報から特定できず。,2026-04-16 15:01:23
Omron Corp,TOPIX Mid400,JP,冨田 雅彦 (Masahiko Tomita),"Director, Senior Managing Executive Officer, CHRO & CRO",,,2024年よりCHRO。元グローバル人事・総務本部長。6つのCxO体制でCHROを明示設置。Bloomberg・統合報告書で確認。,2026-04-16 15:01:23
Seiko Epson Corp,TOPIX Mid400,JP,高倉 洋介 (Yosuke Takakura),"Executive Officer, CHRO, General Administrative Manager of Human Capital & Well-Being Management Division",,https://jp.linkedin.com/in/yosuke-takakura-229b1368,Epsonリーダーシップページ・LinkedInで確認。人的資本・ウェルビーイング戦略を統括。,2026-04-16 15:01:23
Ulvac Inc,TOPIX Mid400,JP,青木貞男,専務取締役 CFO 兼 管理本部長,,,管理本部長として人事を含むコーポレート全般を担当。CHRO専任ポジションは設置されていない,2026-04-16 17:57:09
Anritsu Corp,TOPIX Mid400,JP,坂本貴司,執行役員 人事総務総括・人事総務部長,,,2024年6月25日の定時株主総会で執行役員として選任,2026-04-16 17:57:09
Hirose Electric,TOPIX Mid400,JP,,,,,特定不可: 鎌形慎氏が2025年6月より社長就任（前任は管理グループ統括）。社長以下のHR担当役員名を確認できず。,2026-04-16 15:01:23
Azbil Corp,TOPIX Mid400,JP,横田隆幸,取締役兼執行役副社長（人財・教育担当）,,,2025年4月1日付で人財・教育担当の取締役兼執行役副社長として就任,2026-04-16 17:57:09
Nihon Kohden Corp,TOPIX Mid400,JP,,,,,,
Horiba Ltd,TOPIX Mid400,JP,,,,,,
Sysmex Corp,TOPIX Mid400,JP,飯塚健介,上席執行役員（経営戦略・人事担当）,,,2025年4月1日付で就任。経営戦略部門・人事部門を含むコーポレートマネジメントを担当,2026-04-16 17:57:09
Stanley Electric,TOPIX Mid400,JP,高野 一樹 (Kazuki Takano),"Managing Director, CHRO",,,2024年6月27日付取締役会構成から確認。Chief Sales Officer・Chief American Business Officerも兼任。,2026-04-16 15:01:23
Ushio Inc,TOPIX Mid400,JP,,,,,,
Rohm Co,TOPIX Mid400,JP,,,,,特定不可: 公式役員ページに一覧があるが、HR担当役員名を検索から特定できず。,2026-04-16 15:01:23
Hamamatsu Photonics,TOPIX Mid400,JP,鈴木 一哉 (Kazuya Suzuki),"Managing Executive Officer, Chief of Administration General Headquarters",,,HR・管理機能を統括。2025年12月時点確認。CHROタイトルは使用せず。SNS特定不可。,2026-04-16 15:01:23
NOK Corp,TOPIX Mid400,JP,江上 茂樹 (Shigeki Egami),"Executive Officer, Group CHRO",,https://jp.linkedin.com/in/shigeki-egami-a2a4161a0,2025年6月23日付Group CHRO確認。元ブリヂストン・ダイムラートラックアジア・三菱自動車。東大経済学部卒。,2026-04-16 15:01:23
Aisin Corp,TOPIX Mid400,JP,中村 裕司 (Yuji Nakamura),"Executive General Manager, AISIN-Group Human Resources Division",,,2025年4月1日付組織変更で確認。SNS特定不可。,2026-04-16 15:01:23
Yamaha Motor,TOPIX Mid400,JP,岡本知彦,人事総務本部長,,,2025年4月1日付で就任。ヤマハ発動機（TSE:7272）,2026-04-16 18:06:52
Koito Manufacturing,TOPIX Mid400,JP,,,,,特定不可: 2025年6月27日付役員変更あり。HR担当役員のポートフォリオを公開情報から確認できず。,2026-04-16 15:01:23
Toyoda Gosei,TOPIX Mid400,JP,岡正樹,取締役 執行役員 CHRO,,,2019年よりCHROに就任。総務・人事本部・内部監査室担当。豊田合成（TSE:7282）,2026-04-16 18:06:52
TS Tech Co,TOPIX Mid400,JP,,,,,特定不可: 日近啓明氏が人事部長として確認されるが、Executive Officer levelのCHROを確認できず。,2026-04-16 15:01:23
Ryohin Keikaku,TOPIX Mid400,JP,辻祥雅,執行役員（人事部・人財開発部管掌）,,,2022年入社。外資系企業での17年のHRキャリアを経て良品計画入社,2026-04-16 18:03:50
Medipal Holdings Corp,TOPIX Mid400,JP,,,,,特定不可: CEO渡辺秀一氏・副CEO長福恭弘氏（2025年9月30日時点）。HR担当役員名を確認できず。,2026-04-16 15:03:26
Pan Pacific International Holdings,TOPIX Mid400,JP,赤城 真一郎 (Akagi Shinichiro),常務執行役員 アンサーマン本部長兼人財本部長,,,2025年時点。CAO（最高総務責任者）と別に人財本部長を設置。CHROタイトルなし。SNS特定不可。,2026-04-16 15:03:26
Capcom Co,TOPIX Mid400,JP,宮崎智史,専務執行役員 CHO（人事統括）,,,2025年4月1日付でCHO相当として人事統括に就任,2026-04-16 17:57:09
Bandai Namco Entertainment,TOPIX Mid400,JP,,,,,,
Chugoku Electric Power,TOPIX Mid400,JP,皆本恭介,代表取締役 副社長執行役員（人材育成担当）,,,2025年6月26日付。人材育成担当含む広範なコーポレート機能を管掌,2026-04-16 18:05:47
Tohoku Electric Power,TOPIX Mid400,JP,日下部達,常務執行役員（人財戦略担当）,,,2025年4月1日付就任。2026年6月退任予定。後任は遠藤雅夫氏（2026年4月就任予定）,2026-04-16 18:05:47
Hokuriku Electric Power,TOPIX Mid400,JP,布谷雅之,執行役員 人事労務部長,,,2025年6月26日付で就任,2026-04-16 18:05:47
Shikoku Electric Power,TOPIX Mid400,JP,,,,,,
Hokkaido Electric Power,TOPIX Mid400,JP,土田拓,常務執行役員（人事労務部・広報部・総務部担当）,,,2025年6月26日付就任。原子力推進本部副本部長兼人事労務部・広報部・総務部担当,2026-04-16 18:05:47
Electric Power Development,TOPIX Mid400,JP,,,,,,
Inpex,TOPIX Mid400,JP,,,,,,
Japan Petroleum Exploration,TOPIX Mid400,JP,舟津 二郎 (Funatsu Jiro),取締役 常務執行役員（人事部担当）,,,2025年6月25日付役員一覧で確認。CHROタイトルなし。SNS特定不可。,2026-04-16 15:03:26
Cosmo Energy Holdings,TOPIX Mid400,JP,竹田 純子 (Takeda Junko),代表取締役 常務執行役員（人事部・関連事業統括・サステナビリティ担当）,,,2025年6月より代表取締役・常務執行役員に昇格。JBpressで戦略人事・ダイバーシティ推進者として紹介。CHROタイトルなし。,2026-04-16 15:03:26
Nippon Steel Engineering,TOPIX Mid400,JP,黒崎裕之,執行役員（経営企画・サステナビリティ・広報・人事担当）,,,2024年の役員人事で確認,2026-04-16 18:05:47
Sanyo Special Steel,TOPIX Mid400,JP,八並敬之,取締役 常務執行役員（人事・労政部・総務部担当）,,,2025年4月1日付。システム企画室・人材企画部・内部統制推進部総括兼人事・労政部・総務部担当,2026-04-16 18:05:47
Nippon Light Metal Holdings,TOPIX Mid400,JP,岡本泰憲,副社長執行役員（人事・総務・経理統括室長）,,,2024年6月時点で人事・総務・経理統括室長として就任確認,2026-04-16 17:57:09
Tokai Rika,TOPIX Mid400,JP,,,,,,
Musashi Seimitsu Industry,TOPIX Mid400,JP,Tracey Sivill,代表取締役 専務執行役員 CHO,,,武蔵精密工業（TSE:7220）。CHO（Chief Human Resources Officer）肩書を採用。代表取締役も兼務。外国籍のCHO,2026-04-16 18:06:52
Genky DrugStores,TOPIX Mid400,JP,小林佑次,取締役 人事本部長,,,2018年より人事本部長、2020年9月より取締役。ゲンキー（TSE:9267）,2026-04-16 18:04:40
Sugi Holdings,TOPIX Mid400,JP,,,,,,
Ain Holdings,TOPIX Mid400,JP,,,,,,
MonotaRO,TOPIX Mid400,JP,,,,,,
Askul Corp,TOPIX Mid400,JP,天沼英雄,執行役員 CHO（Chief Human Officer）兼 人事総務本部長,,,2024年5月の役員体制。AskullはCHO（Chief Human Officer）の肩書を使用,2026-04-16 18:03:50
Daihatsu Diesel,TOPIX Mid400,JP,,,,,,
Mandom Corp,TOPIX Mid400,JP,高橋 哲也 (Tetsuya Takahashi),執行役員・CHRO、人事総務本部長兼人事総務部長,,,2024年4月1日就任。法務部・秘書室を兼務。2025年3月にCRO職新設。マンダムはCHROタイトルを正式採用。SNS特定不可。,2026-04-16 17:54:09
Pola Orbis Holdings,TOPIX Mid400,JP,小川 浩二 (Koji Ogawa),取締役・総合企画・IT・人事・事業開発担当,,,取締役として人事を複数機能と兼務で担当。専任CHRO職なし。SNS特定不可。,2026-04-16 17:54:09
Kao,TOPIX Mid400,JP,堀田夏実,常務執行役員 人財戦略部門統括 兼 Kao America会長,,,2026年1月1日付で人財戦略部門統括の常務執行役員に就任。花王（TSE:4452）,2026-04-16 18:04:40
Pilot Corp,TOPIX Mid400,JP,,,,,,
Pentel Co,TOPIX Mid400,JP,,,,,,
Mitsubishi Pencil,TOPIX Mid400,JP,,,,,,
Starts Corp,TOPIX Mid400,JP,中松 学 (Nakamatsu Manabu),常務取締役（人事担当）,,,少なくとも2014年よりHR担当役員。2015年より常務取締役。CHROタイトルなし。SNS特定不可。,2026-04-16 15:03:26
Prestige International,TOPIX Mid400,JP,,,,,,
Gakken Holdings,TOPIX Mid400,JP,,,,,,
Benesse Holdings,TOPIX Mid400,JP,村上久乃,常務執行役員 CHRO 兼 人財・総務本部長,,,1991年入社。2023年1月より執行役員CHRO、2024年4月より常務執行役員CHRO。日経ESGインタビュー掲載,2026-04-16 18:03:50
Recruit Co,TOPIX Mid400,JP,瀬名波文野,取締役 上席常務執行役員 CSO・CHRO・CRO・COO,,https://www.linkedin.com/in/ayano-sena-senaha-49a20097/,2006年リクルート入社。2023年取締役就任。CSO・CHRO・CRO・COOを兼務,2026-04-16 18:03:50
en-Japan Inc,TOPIX Mid400,JP,,,,,,
Recruit Management Solutions,TOPIX Mid400,JP,,,,,,
Works Human Intelligence,TOPIX Mid400,JP,八幡誠,CHRO（Chief Human Resources Officer）,,https://www.linkedin.com/in/makoto-max-yawata-3a8a269/,2023年入社。前職：マイクロソフト日本（HR BP）、セールスフォース（Talent & Organization Development Director）,2026-04-16 18:03:50
Nihon M&A Center,TOPIX Mid400,JP,武田安央,CHRO（最高人事責任者）,,,2025年4月16日のIR開示にて確認。日本M&Aセンターホールディングス（TSE:2127）,2026-04-16 18:03:50
Nihon Unisys,TOPIX Mid400,JP,澤上多恵子,取締役 執行役員 CHRO,,,2026年4月1日付でCHROとして就任。BIPROGY（旧日本ユニシス）,2026-04-16 17:57:09
Scsk Corp,TOPIX Mid400,JP,,,,,,
Software AG Japan,TOPIX Mid400,JP,,,,,,
Fujitsu Ltd,TOPIX Mid400,JP,平松浩樹,取締役執行役員専務 CHRO,,https://www.linkedin.com/in/hiroki-hiramatsu-3502babb/,1989年富士通入社。2018年人事部門長就任、2022年よりCHRO。CHRO勉強会等でも多数登壇,2026-04-16 18:03:50
NTT Data Corp,TOPIX Mid400,JP,青木千恵,常務執行役員 CHRO 人財戦略担当,,https://jp.linkedin.com/in/chie-aoki-a44b43223/ja,2025年6月16日付でCHROに就任。NTTデータグループ（TSE:9613）,2026-04-16 18:03:50
Otsuka Holdings,TOPIX Mid400,JP,,,,,,
Shionogi & Co,TOPIX Mid400,JP,,,,,,
Sawai Pharmaceutical,TOPIX Mid400,JP,,,,,,
Taisho Pharmaceutical,TOPIX Mid400,JP,,,,,,
Mitsubishi Tanabe Pharma,TOPIX Mid400,JP,,,,,,
Dainippon Sumitomo Pharma,TOPIX Mid400,JP,,,,,,
Daiichi Sankyo Co,TOPIX Mid400,JP,松本孝,取締役 上席執行役員 CHRO（グローバル人事担当）,,https://www.linkedin.com/in/takashi-matsumoto-762a5b22/,大阪大学卒。公式リーダーシップページに掲載確認,2026-04-16 18:04:40
Mochida Pharmaceutical,TOPIX Mid400,JP,,,,,,
Chugai Pharmaceutical Co,TOPIX Mid400,JP,矢野嘉行,上席執行役員 人事・ESG推進統括,,,2026年1月1日付で人事部門・ESG推進部門を統括,2026-04-16 18:04:40
Showa Denko Materials,TOPIX Mid400,JP,,,,,,
Toyo Engineering Corp,TOPIX Mid400,JP,,,,,,
NEC Networks & System Integration,TOPIX Mid400,JP,,,,,,
Nichia Corp,TOPIX Mid400,JP,,,,,,
Murata Manufacturing,TOPIX Mid400,JP,,,,,,
Alphabet/Google,S&P100,US,Fiona Cicconi,Chief People Officer,,https://www.linkedin.com/in/fiona-clare-cicconi-304249/,Appointed January 2021,2026-04-16 20:26:46
Meta,S&P100,US,Janelle Gale,Chief People Officer,,https://www.linkedin.com/in/janellegale/,Appointed summer 2025,2026-04-16 20:26:46
Visa,S&P100,US,Kelly Mahon Tullier,"Vice Chair, Chief People & Admin Officer",,https://www.linkedin.com/in/kelly-mahon-tullier/,Promoted October 2021,2026-04-16 20:26:46
Coca-Cola,S&P100,US,Tapaswee Chandele,Global Chief People Officer,,https://www.linkedin.com/in/tapasweechandele/,"Effective May 1, 2026",2026-04-16 20:26:46
Merck,S&P100,US,Betty Larson,"EVP, Chief HR Officer",,https://www.linkedin.com/in/betty-larson-3284542/,Joined April 2024,2026-04-16 20:26:46
Intel,S&P100,US,Aparna Bawa,"EVP, Chief Legal & People Officer",,,"Effective May 2026, from Zoom",2026-04-16 20:26:46
GSK (GlaxoSmithKline),FTSE100,UK,Diana Conrad,Chief People Officer,,https://www.linkedin.com/in/diana-conrad/,Appointed April 2019,2026-04-16 20:26:46
SAP SE,DAX40,DE,Gina Vargiu-Breuer,Chief People Officer & Labour Director,,https://de.linkedin.com/in/gina-vargiu-breuer,"Appointed Feb 1, 2024",2026-04-16 20:26:46
Siemens AG,DAX40,DE,Judith Wiese,Chief People & Sustainability Officer,,https://www.linkedin.com/in/judith-wiese-542b4436/,"Since October 1, 2020",2026-04-16 20:26:46
Allianz SE,DAX40,DE,Stefan Britz,Chief HR Officer,,https://de.linkedin.com/in/stefan-britz-0b0854151,Group CHRO,2026-04-16 20:26:46
BMW Group,DAX40,DE,Ilka Horstmeier,Member of Board - People & Real Estate,,,Since 2019,2026-04-16 20:26:46
RWE AG,DAX40,DE,Katja van Doren,Chief HR Officer & Labour Director,,https://de.linkedin.com/in/katja-van-doren,"Since August 1, 2023",2026-04-16 20:26:46
